ctime,schemaname,relname,seq_scan,seq_tup_read,idx_scan,idx_tup_fetch,n_tup_ins,n_tup_upd,n_tup_del,n_tup_hot_upd,n_live_tup,n_dead_tup,heap_blks_read,heap_blks_hit,idx_blks_read,idx_blks_hit,toast_blks_read,toast_blks_hit,tidx_blks_read,tidx_blks_hit
1415215174.50459,pg_catalog,pg_auth_members,0,0,0,0,0,0,0,0,0,0,0,0,0,0,,,,
1415215174.50459,pg_catalog,pg_operator,0,0,16440,80483,0,0,0,0,0,0,162,56906,161,35989,,,,
1415215174.50459,pg_catalog,pg_aggregate,0,0,1122,1122,0,0,0,0,0,0,25,1097,67,1897,,,,
1415215174.50459,pg_catalog,pg_pltemplate,0,0,0,0,0,0,0,0,0,0,0,0,0,0,,,,
1415215174.50459,pg_toast,pg_toast_11615,0,0,0,0,0,0,0,0,0,0,0,0,0,0,,,,
1415215174.50459,pg_catalog,pg_description,0,0,273,0,0,0,0,0,0,0,0,0,88,520,0,0,0,0
1415215174.50459,pg_catalog,pg_language,0,0,0,0,0,0,0,0,0,0,0,0,0,0,,,,
1415215174.50459,public,supplier,8,400000,40,40,100000,0,0,0,100000,0,2312,15688,4,83,,,,
1415215174.50459,pg_catalog,pg_ts_parser,0,0,0,0,0,0,0,0,0,0,0,0,0,0,,,,
1415215174.50459,pg_catalog,pg_shseclabel,0,0,0,0,0,0,0,0,0,0,0,0,0,0,,,,
1415215174.50459,pg_catalog,pg_foreign_table,0,0,0,0,0,0,0,0,0,0,0,0,0,0,,,,
1415215174.50459,public,customer,9,9000000,28,28,1500000,0,0,0,1500000,0,68533,294885,6,86,,,,
1415215174.50459,pg_toast,pg_toast_11620,0,0,0,0,0,0,0,0,0,0,0,0,0,0,,,,
1415215174.50459,pg_catalog,pg_attrdef,0,0,0,0,0,0,0,0,0,0,0,0,0,0,0,0,0,0
1415215174.50459,pg_catalog,pg_ts_template,0,0,0,0,0,0,0,0,0,0,0,0,0,0,,,,
1415215174.50459,pg_catalog,pg_foreign_server,0,0,0,0,0,0,0,0,0,0,0,0,0,0,,,,
1415215174.50459,pg_catalog,pg_default_acl,0,0,288,0,0,0,0,0,0,0,0,0,27,261,,,,
1415215174.50459,pg_toast,pg_toast_11595,0,0,0,0,0,0,0,0,0,0,0,0,0,0,,,,
1415215174.50459,information_schema,sql_packages,0,0,,,0,0,0,0,0,0,0,0,,,0,0,0,0
1415215174.50459,pg_catalog,pg_attribute,187,1241,47018,103315,562,20,384,6,2425,419,764,52335,216,98597,,,,
1415215174.50459,public,time_statistics,1,1,,,4,1,0,1,4,1,2,4,,,,,,
1415215174.50459,pg_catalog,pg_statistic,0,0,12321,11649,146,263,83,66,512,0,783,12146,83,26900,2187,11828,36,10008
1415215174.50459,pg_toast,pg_toast_2618,0,0,298,966,0,0,0,0,0,0,169,350,61,391,,,,
1415215174.50459,pg_toast,pg_toast_3596,0,0,0,0,0,0,0,0,0,0,0,0,0,0,,,,
1415215174.50459,information_schema,sql_features,0,0,,,0,0,0,0,0,0,0,0,,,0,0,0,0
1415215174.50459,pg_catalog,pg_depend,0,0,2872,3048,563,0,473,0,6294,474,369,3508,677,7620,,,,
1415215174.50459,pg_toast,pg_toast_11605,0,0,0,0,0,0,0,0,0,0,0,0,0,0,,,,
1415215174.50459,pg_catalog,pg_opclass,34,34,13118,141998,0,0,0,0,0,0,18,50298,69,16345,,,,
1415215174.50459,pg_catalog,pg_proc,0,0,20237,29958,0,0,0,0,0,0,1240,21320,455,44685,0,0,0,0
1415215174.50459,public,nation,10,50,42,42,25,0,0,0,25,0,1,45,2,49,,,,
1415215174.50459,pg_catalog,pg_trigger,0,0,0,0,0,0,0,0,0,0,0,0,0,0,0,0,0,0
1415215174.50459,information_schema,sql_languages,0,0,,,0,0,0,0,0,0,0,0,,,0,0,0,0
1415215174.50459,pg_catalog,pg_am,2375,2375,0,0,0,0,0,0,0,0,8,2367,0,0,,,,
1415215174.50459,pg_catalog,pg_largeobject_metadata,0,0,0,0,0,0,0,0,0,0,0,0,0,0,,,,
1415215174.50459,pg_catalog,pg_ts_config_map,0,0,0,0,0,0,0,0,0,0,0,0,0,0,,,,
1415215174.50459,pg_catalog,pg_type,0,0,49429,48920,142,0,123,0,349,2,145,49263,294,80635,,,,
1415215174.50459,information_schema,sql_sizing_profiles,0,0,,,0,0,0,0,0,0,0,0,,,0,0,0,0
1415215174.50459,pg_catalog,pg_shdepend,0,0,353,79,0,0,0,0,0,0,31,48,124,365,,,,
1415215174.50459,pg_catalog,pg_conversion,0,0,0,0,0,0,0,0,0,0,0,0,0,0,,,,
1415215174.50459,pg_catalog,pg_foreign_data_wrapper,0,0,0,0,0,0,0,0,0,0,0,0,0,0,,,,
1415215174.50459,pg_catalog,pg_opfamily,0,0,0,0,0,0,0,0,0,0,0,0,0,0,,,,
1415215174.50459,pg_catalog,pg_shdescription,0,0,0,0,0,0,0,0,0,0,0,0,0,0,0,0,0,0
1415215174.50459,pg_catalog,pg_tablespace,2,4,1604,1604,0,0,0,0,0,0,9,1597,18,3190,,,,
1415215174.50459,pg_catalog,pg_inherits,0,0,62,0,0,0,0,0,0,0,0,0,32,30,,,,
1415215174.50459,public,partsupp,4,24000000,40,40,8000000,0,0,0,8000000,0,340611,954549,12,115,,,,
1415215174.50459,public,lineitem,17,539874468,56,56,59986052,0,0,0,59985910,0,10820688,2441686,16,223,,,,
1415215174.50459,pg_toast,pg_toast_2606,0,0,0,0,0,0,0,0,0,0,0,0,0,0,,,,
1415215174.50459,pg_toast,pg_toast_2964,0,0,0,0,0,0,0,0,0,0,0,0,0,0,,,,
1415215174.50459,pg_catalog,pg_database,226,859,8150,8148,1,0,0,0,1,0,1,8374,36,12873,,,,
1415215174.50459,pg_toast,pg_toast_2620,0,0,0,0,0,0,0,0,0,0,0,0,0,0,,,,
1415215174.50459,information_schema,sql_sizing,0,0,,,0,0,0,0,0,0,0,0,,,0,0,0,0
1415215174.50459,pg_catalog,pg_amproc,34,68,9632,14345,0,0,0,0,0,0,32,9423,24,21542,,,,
1415215174.50459,pg_catalog,pg_collation,0,0,0,0,0,0,0,0,0,0,0,0,0,0,,,,
1415215174.50459,pg_catalog,pg_constraint,0,0,24,8,16,0,8,0,8,8,9,72,16,144,0,0,0,0
1415215174.50459,pg_catalog,pg_range,0,0,479,0,0,0,0,0,0,0,0,0,60,898,,,,
1415215174.50459,pg_toast,pg_toast_11600,0,0,0,0,0,0,0,0,0,0,0,0,0,0,,,,
1415215174.50459,pg_toast,pg_toast_11590,0,0,0,0,0,0,0,0,0,0,0,0,0,0,,,,
1415215174.50459,information_schema,sql_implementation_info,0,0,,,0,0,0,0,0,0,0,0,,,0,0,0,0
1415215174.50459,pg_catalog,pg_user_mapping,0,0,0,0,0,0,0,0,0,0,0,0,0,0,,,,
1415215174.50459,pg_catalog,pg_largeobject,0,0,0,0,0,0,0,0,0,0,0,0,0,0,,,,
1415215174.50459,pg_catalog,pg_namespace,217,1846,7611,5380,6,0,0,0,6,0,18,5595,161,9963,,,,
1415215174.50459,information_schema,sql_parts,0,0,,,0,0,0,0,0,0,0,0,,,0,0,0,0
1415215174.50459,pg_catalog,pg_authid,87,87,4489,4489,0,0,0,0,0,0,9,4567,36,8942,,,,
1415215174.50459,pg_catalog,pg_index,412,39591,22108,31941,73,0,45,0,138,45,106,24641,46,25795,,,,
1415215174.50459,pg_catalog,pg_ts_dict,0,0,0,0,0,0,0,0,0,0,0,0,0,0,,,,
1415215174.50459,pg_catalog,pg_class,1001,216413,61189,57183,145,35,107,35,326,111,211,65400,79,80387,,,,
1415215174.50459,pg_toast,pg_toast_2396,0,0,0,0,0,0,0,0,0,0,0,0,0,0,,,,
1415215174.50459,pg_catalog,pg_enum,0,0,0,0,0,0,0,0,0,0,0,0,0,0,,,,
1415215174.50459,pg_catalog,pg_db_role_setting,0,0,7146,0,0,0,0,0,0,0,0,0,9,7137,0,0,0,0
1415215174.50459,pg_catalog,pg_seclabel,0,0,273,0,0,0,0,0,0,0,0,0,28,245,0,0,0,0
1415215174.50459,pg_toast,pg_toast_2609,0,0,0,0,0,0,0,0,0,0,0,0,0,0,,,,
1415215174.50459,pg_toast,pg_toast_1255,0,0,0,0,0,0,0,0,0,0,0,0,0,0,,,,
1415215174.50459,pg_catalog,pg_rewrite,0,0,725,620,35,0,35,0,106,35,256,566,132,1104,169,350,61,391
1415215174.50459,pg_catalog,pg_ts_config,0,0,0,0,0,0,0,0,0,0,0,0,0,0,,,,
1415215174.50459,pg_catalog,pg_extension,0,0,0,0,0,0,0,0,0,0,0,0,0,0,,,,
1415215174.50459,public,part,9,12000000,26,26,2000000,0,0,0,2000000,0,79007,327741,6,80,,,,
1415215174.50459,pg_catalog,pg_amop,0,0,19355,27943,0,0,0,0,0,0,31,27912,115,41271,,,,
1415215174.50459,pg_catalog,pg_cast,0,0,69186,17381,0,0,0,0,0,0,25,17356,16,71307,,,,
1415215174.50459,public,region,6,10,8,8,5,0,0,0,5,0,1,11,2,9,,,,
1415215174.50459,pg_toast,pg_toast_2619,0,0,8432,28097,553,0,301,0,268,6,2187,11828,36,10008,,,,
1415215174.50459,pg_toast,pg_toast_11610,0,0,0,0,0,0,0,0,0,0,0,0,0,0,,,,
1415215174.50459,pg_toast,pg_toast_2604,0,0,0,0,0,0,0,0,0,0,0,0,0,0,,,,
1415215174.50459,public,orders,10,60000000,30,30,15000000,0,0,0,15000000,0,504554,1558810,6,94,,,,
1415215234.50636,pg_catalog,pg_auth_members,0,0,0,0,0,0,0,0,0,0,0,0,0,0,,,,
1415215234.50636,pg_catalog,pg_operator,0,0,16504,80792,0,0,0,0,0,0,174,57110,163,36133,,,,
1415215234.50636,pg_catalog,pg_aggregate,0,0,1125,1125,0,0,0,0,0,0,26,1099,69,1901,,,,
1415215234.50636,pg_catalog,pg_pltemplate,0,0,0,0,0,0,0,0,0,0,0,0,0,0,,,,
1415215234.50636,pg_toast,pg_toast_11615,0,0,0,0,0,0,0,0,0,0,0,0,0,0,,,,
1415215234.50636,pg_catalog,pg_description,0,0,273,0,0,0,0,0,0,0,0,0,88,520,0,0,0,0
1415215234.50636,pg_catalog,pg_language,0,0,0,0,0,0,0,0,0,0,0,0,0,0,,,,
1415215234.50636,public,supplier,10,500000,25836,25836,100000,0,0,0,100000,0,4491,41484,280,51555,,,,
1415215234.50636,pg_catalog,pg_ts_parser,0,0,0,0,0,0,0,0,0,0,0,0,0,0,,,,
1415215234.50636,pg_catalog,pg_shseclabel,0,0,0,0,0,0,0,0,0,0,0,0,0,0,,,,
1415215234.50636,pg_catalog,pg_foreign_table,0,0,0,0,0,0,0,0,0,0,0,0,0,0,,,,
1415215234.50636,public,customer,9,9000000,28,28,1500000,0,0,0,1500000,0,68533,294885,6,86,,,,
1415215234.50636,pg_toast,pg_toast_11620,0,0,0,0,0,0,0,0,0,0,0,0,0,0,,,,
1415215234.50636,pg_catalog,pg_attrdef,0,0,0,0,0,0,0,0,0,0,0,0,0,0,0,0,0,0
1415215234.50636,pg_catalog,pg_ts_template,0,0,0,0,0,0,0,0,0,0,0,0,0,0,,,,
1415215234.50636,pg_catalog,pg_foreign_server,0,0,0,0,0,0,0,0,0,0,0,0,0,0,,,,
1415215234.50636,pg_catalog,pg_default_acl,0,0,288,0,0,0,0,0,0,0,0,0,27,261,,,,
1415215234.50636,pg_toast,pg_toast_11595,0,0,0,0,0,0,0,0,0,0,0,0,0,0,,,,
1415215234.50636,information_schema,sql_packages,0,0,,,0,0,0,0,0,0,0,0,,,0,0,0,0
1415215234.50636,pg_catalog,pg_attribute,187,1241,47299,103843,562,20,384,6,2425,419,770,52617,216,99175,,,,
1415215234.50636,public,time_statistics,4,16,,,7,4,0,4,7,4,2,13,,,,,,
1415215234.50636,pg_catalog,pg_statistic,0,0,12379,11694,146,263,83,66,512,0,787,12187,84,27024,2211,11843,36,10038
1415215234.50636,pg_toast,pg_toast_2618,0,0,302,979,0,0,0,0,0,0,174,352,61,397,,,,
1415215234.50636,pg_toast,pg_toast_3596,0,0,0,0,0,0,0,0,0,0,0,0,0,0,,,,
1415215234.50636,information_schema,sql_features,0,0,,,0,0,0,0,0,0,0,0,,,0,0,0,0
1415215234.50636,pg_catalog,pg_depend,0,0,2872,3048,563,0,473,0,6294,474,369,3508,677,7620,,,,
1415215234.50636,pg_toast,pg_toast_11605,0,0,0,0,0,0,0,0,0,0,0,0,0,0,,,,
1415215234.50636,pg_catalog,pg_opclass,34,34,13169,142433,0,0,0,0,0,0,18,50457,69,16416,,,,
1415215234.50636,pg_catalog,pg_proc,0,0,20357,30132,0,0,0,0,0,0,1254,21444,457,44952,0,0,0,0
1415215234.50636,public,nation,11,75,25838,25838,25,0,0,0,25,0,2,25841,4,25844,,,,
1415215234.50636,pg_catalog,pg_trigger,0,0,0,0,0,0,0,0,0,0,0,0,0,0,0,0,0,0
1415215234.50636,information_schema,sql_languages,0,0,,,0,0,0,0,0,0,0,0,,,0,0,0,0
1415215234.50636,pg_catalog,pg_am,2391,2391,0,0,0,0,0,0,0,0,8,2383,0,0,,,,
1415215234.50636,pg_catalog,pg_largeobject_metadata,0,0,0,0,0,0,0,0,0,0,0,0,0,0,,,,
1415215234.50636,pg_catalog,pg_ts_config_map,0,0,0,0,0,0,0,0,0,0,0,0,0,0,,,,
1415215234.50636,pg_catalog,pg_type,0,0,49689,49180,142,0,123,0,349,2,146,49522,294,81169,,,,
1415215234.50636,information_schema,sql_sizing_profiles,0,0,,,0,0,0,0,0,0,0,0,,,0,0,0,0
1415215234.50636,pg_catalog,pg_shdepend,0,0,353,79,0,0,0,0,0,0,31,48,124,365,,,,
1415215234.50636,pg_catalog,pg_conversion,0,0,0,0,0,0,0,0,0,0,0,0,0,0,,,,
1415215234.50636,pg_catalog,pg_foreign_data_wrapper,0,0,0,0,0,0,0,0,0,0,0,0,0,0,,,,
1415215234.50636,pg_catalog,pg_opfamily,0,0,0,0,0,0,0,0,0,0,0,0,0,0,,,,
1415215234.50636,pg_catalog,pg_shdescription,0,0,0,0,0,0,0,0,0,0,0,0,0,0,0,0,0,0
1415215234.50636,pg_catalog,pg_tablespace,2,4,1613,1613,0,0,0,0,0,0,9,1606,18,3208,,,,
1415215234.50636,pg_catalog,pg_inherits,0,0,62,0,0,0,0,0,0,0,0,0,32,30,,,,
1415215234.50636,public,partsupp,4,24000000,26550,1629920,8000000,0,0,0,8000000,0,511560,2394943,20153,64060,,,,
1415215234.50636,public,lineitem,17,539874468,59,772765,60045669,0,0,0,60045527,0,11233056,2444389,109885,1305647,,,,
1415215234.50636,pg_toast,pg_toast_2606,0,0,0,0,0,0,0,0,0,0,0,0,0,0,,,,
1415215234.50636,pg_toast,pg_toast_2964,0,0,0,0,0,0,0,0,0,0,0,0,0,0,,,,
1415215234.50636,pg_catalog,pg_database,229,871,8203,8201,1,0,0,0,1,0,1,8430,36,12960,,,,
1415215234.50636,pg_toast,pg_toast_2620,0,0,0,0,0,0,0,0,0,0,0,0,0,0,,,,
1415215234.50636,information_schema,sql_sizing,0,0,,,0,0,0,0,0,0,0,0,,,0,0,0,0
1415215234.50636,pg_catalog,pg_amproc,34,68,9677,14415,0,0,0,0,0,0,32,9467,24,21648,,,,
1415215234.50636,pg_catalog,pg_collation,0,0,0,0,0,0,0,0,0,0,0,0,0,0,,,,
1415215234.50636,pg_catalog,pg_constraint,0,0,24,8,16,0,8,0,8,8,9,72,16,144,0,0,0,0
1415215234.50636,pg_catalog,pg_range,0,0,482,0,0,0,0,0,0,0,0,0,62,902,,,,
1415215234.50636,pg_toast,pg_toast_11600,0,0,0,0,0,0,0,0,0,0,0,0,0,0,,,,
1415215234.50636,pg_toast,pg_toast_11590,0,0,0,0,0,0,0,0,0,0,0,0,0,0,,,,
1415215234.50636,information_schema,sql_implementation_info,0,0,,,0,0,0,0,0,0,0,0,,,0,0,0,0
1415215234.50636,pg_catalog,pg_user_mapping,0,0,0,0,0,0,0,0,0,0,0,0,0,0,,,,
1415215234.50636,pg_catalog,pg_largeobject,0,0,0,0,0,0,0,0,0,0,0,0,0,0,,,,
1415215234.50636,pg_catalog,pg_namespace,220,1882,7649,5405,6,0,0,0,6,0,18,5623,163,10013,,,,
1415215234.50636,information_schema,sql_parts,0,0,,,0,0,0,0,0,0,0,0,,,0,0,0,0
1415215234.50636,pg_catalog,pg_authid,87,87,4519,4519,0,0,0,0,0,0,9,4597,36,9002,,,,
1415215234.50636,pg_catalog,pg_index,416,40143,22199,32067,73,0,45,0,138,45,106,24758,46,25909,,,,
1415215234.50636,pg_catalog,pg_ts_dict,0,0,0,0,0,0,0,0,0,0,0,0,0,0,,,,
1415215234.50636,pg_catalog,pg_class,1012,219430,61647,57626,145,35,107,35,326,111,212,65942,79,81333,,,,
1415215234.50636,pg_toast,pg_toast_2396,0,0,0,0,0,0,0,0,0,0,0,0,0,0,,,,
1415215234.50636,pg_catalog,pg_enum,0,0,0,0,0,0,0,0,0,0,0,0,0,0,,,,
1415215234.50636,pg_catalog,pg_db_role_setting,0,0,7197,0,0,0,0,0,0,0,0,0,9,7188,0,0,0,0
1415215234.50636,pg_catalog,pg_seclabel,0,0,273,0,0,0,0,0,0,0,0,0,28,245,0,0,0,0
1415215234.50636,pg_toast,pg_toast_2609,0,0,0,0,0,0,0,0,0,0,0,0,0,0,,,,
1415215234.50636,pg_toast,pg_toast_1255,0,0,0,0,0,0,0,0,0,0,0,0,0,0,,,,
1415215234.50636,pg_catalog,pg_rewrite,0,0,731,626,35,0,35,0,106,35,260,568,132,1114,174,352,61,397
1415215234.50636,pg_catalog,pg_ts_config,0,0,0,0,0,0,0,0,0,0,0,0,0,0,,,,
1415215234.50636,pg_catalog,pg_extension,0,0,0,0,0,0,0,0,0,0,0,0,0,0,,,,
1415215234.50636,public,part,10,14000000,33,2000032,2000000,0,0,0,2000000,0,119529,369021,5475,98,,,,
1415215234.50636,pg_catalog,pg_amop,0,0,19428,28052,0,0,0,0,0,0,33,28019,115,41430,,,,
1415215234.50636,pg_catalog,pg_cast,0,0,69464,17461,0,0,0,0,0,0,25,17436,16,71597,,,,
1415215234.50636,public,region,6455,32250,12,12,5,0,0,0,5,0,2,6462,4,12,,,,
1415215234.50636,pg_toast,pg_toast_2619,0,0,8457,28193,553,0,301,0,268,6,2211,11843,36,10038,,,,
1415215234.50636,pg_toast,pg_toast_11610,0,0,0,0,0,0,0,0,0,0,0,0,0,0,,,,
1415215234.50636,pg_toast,pg_toast_2604,0,0,0,0,0,0,0,0,0,0,0,0,0,0,,,,
1415215234.50636,public,orders,10,60000000,30,30,15015000,0,0,0,15015000,0,504810,1559367,2826,132769,,,,
1415215294.51501,pg_catalog,pg_auth_members,0,0,0,0,0,0,0,0,0,0,0,0,0,0,,,,
1415215294.51501,pg_catalog,pg_operator,0,0,16522,80810,0,0,0,0,0,0,174,57128,163,36178,,,,
1415215294.51501,pg_catalog,pg_aggregate,0,0,1126,1126,0,0,0,0,0,0,26,1100,69,1903,,,,
1415215294.51501,pg_catalog,pg_pltemplate,0,0,0,0,0,0,0,0,0,0,0,0,0,0,,,,
1415215294.51501,pg_toast,pg_toast_11615,0,0,0,0,0,0,0,0,0,0,0,0,0,0,,,,
1415215294.51501,pg_catalog,pg_description,0,0,273,0,0,0,0,0,0,0,0,0,88,520,0,0,0,0
1415215294.51501,pg_catalog,pg_language,0,0,0,0,0,0,0,0,0,0,0,0,0,0,,,,
1415215294.51501,public,supplier,10,500000,25836,25836,100000,0,0,0,100000,0,4491,41484,280,51555,,,,
1415215294.51501,pg_catalog,pg_ts_parser,0,0,0,0,0,0,0,0,0,0,0,0,0,0,,,,
1415215294.51501,pg_catalog,pg_shseclabel,0,0,0,0,0,0,0,0,0,0,0,0,0,0,,,,
1415215294.51501,pg_catalog,pg_foreign_table,0,0,0,0,0,0,0,0,0,0,0,0,0,0,,,,
1415215294.51501,public,customer,9,9000000,28,28,1500000,0,0,0,1500000,0,68533,294885,6,86,,,,
1415215294.51501,pg_toast,pg_toast_11620,0,0,0,0,0,0,0,0,0,0,0,0,0,0,,,,
1415215294.51501,pg_catalog,pg_attrdef,0,0,0,0,0,0,0,0,0,0,0,0,0,0,0,0,0,0
1415215294.51501,pg_catalog,pg_ts_template,0,0,0,0,0,0,0,0,0,0,0,0,0,0,,,,
1415215294.51501,pg_catalog,pg_foreign_server,0,0,0,0,0,0,0,0,0,0,0,0,0,0,,,,
1415215294.51501,pg_catalog,pg_default_acl,0,0,288,0,0,0,0,0,0,0,0,0,27,261,,,,
1415215294.51501,pg_toast,pg_toast_11595,0,0,0,0,0,0,0,0,0,0,0,0,0,0,,,,
1415215294.51501,information_schema,sql_packages,0,0,,,0,0,0,0,0,0,0,0,,,0,0,0,0
1415215294.51501,pg_catalog,pg_attribute,187,1241,47506,104188,562,20,384,6,2425,419,770,52825,216,99595,,,,
1415215294.51501,public,time_statistics,4,16,,,7,4,0,4,7,4,2,13,,,,,,
1415215294.51501,pg_catalog,pg_statistic,0,0,12408,11715,146,263,83,66,512,0,787,12208,84,27088,2211,11846,36,10044
1415215294.51501,pg_toast,pg_toast_2618,0,0,306,992,0,0,0,0,0,0,174,359,61,403,,,,
1415215294.51501,pg_toast,pg_toast_3596,0,0,0,0,0,0,0,0,0,0,0,0,0,0,,,,
1415215294.51501,information_schema,sql_features,0,0,,,0,0,0,0,0,0,0,0,,,0,0,0,0
1415215294.51501,pg_catalog,pg_depend,0,0,2872,3048,563,0,473,0,6294,474,369,3508,677,7620,,,,
1415215294.51501,pg_toast,pg_toast_11605,0,0,0,0,0,0,0,0,0,0,0,0,0,0,,,,
1415215294.51501,pg_catalog,pg_opclass,34,34,13186,142606,0,0,0,0,0,0,18,50513,69,16442,,,,
1415215294.51501,pg_catalog,pg_proc,0,0,20439,30256,0,0,0,0,0,0,1254,21544,457,45134,0,0,0,0
1415215294.51501,public,nation,11,75,25838,25838,25,0,0,0,25,0,2,25841,4,25844,,,,
1415215294.51501,pg_catalog,pg_trigger,0,0,0,0,0,0,0,0,0,0,0,0,0,0,0,0,0,0
1415215294.51501,information_schema,sql_languages,0,0,,,0,0,0,0,0,0,0,0,,,0,0,0,0
1415215294.51501,pg_catalog,pg_am,2397,2397,0,0,0,0,0,0,0,0,8,2389,0,0,,,,
1415215294.51501,pg_catalog,pg_largeobject_metadata,0,0,0,0,0,0,0,0,0,0,0,0,0,0,,,,
1415215294.51501,pg_catalog,pg_ts_config_map,0,0,0,0,0,0,0,0,0,0,0,0,0,0,,,,
1415215294.51501,pg_catalog,pg_type,0,0,49794,49285,142,0,123,0,349,2,146,49627,294,81385,,,,
1415215294.51501,information_schema,sql_sizing_profiles,0,0,,,0,0,0,0,0,0,0,0,,,0,0,0,0
1415215294.51501,pg_catalog,pg_shdepend,0,0,353,79,0,0,0,0,0,0,31,48,124,365,,,,
1415215294.51501,pg_catalog,pg_conversion,0,0,0,0,0,0,0,0,0,0,0,0,0,0,,,,
1415215294.51501,pg_catalog,pg_foreign_data_wrapper,0,0,0,0,0,0,0,0,0,0,0,0,0,0,,,,
1415215294.51501,pg_catalog,pg_opfamily,0,0,0,0,0,0,0,0,0,0,0,0,0,0,,,,
1415215294.51501,pg_catalog,pg_shdescription,0,0,0,0,0,0,0,0,0,0,0,0,0,0,0,0,0,0
1415215294.51501,pg_catalog,pg_tablespace,2,4,1619,1619,0,0,0,0,0,0,9,1612,18,3220,,,,
1415215294.51501,pg_catalog,pg_inherits,0,0,62,0,0,0,0,0,0,0,0,0,32,30,,,,
1415215294.51501,public,partsupp,4,24000000,26550,1629920,8000000,0,0,0,8000000,0,511560,2394943,20153,64060,,,,
1415215294.51501,public,lineitem,17,539874468,59,772765,60045669,0,0,0,60045527,0,11233056,2444389,109885,1305647,,,,
1415215294.51501,pg_toast,pg_toast_2606,0,0,0,0,0,0,0,0,0,0,0,0,0,0,,,,
1415215294.51501,pg_toast,pg_toast_2964,0,0,0,0,0,0,0,0,0,0,0,0,0,0,,,,
1415215294.51501,pg_catalog,pg_database,232,883,8238,8236,1,0,0,0,1,0,1,8468,36,13009,,,,
1415215294.51501,pg_toast,pg_toast_2620,0,0,0,0,0,0,0,0,0,0,0,0,0,0,,,,
1415215294.51501,information_schema,sql_sizing,0,0,,,0,0,0,0,0,0,0,0,,,0,0,0,0
1415215294.51501,pg_catalog,pg_amproc,34,68,9694,14441,0,0,0,0,0,0,32,9484,24,21688,,,,
1415215294.51501,pg_catalog,pg_collation,0,0,0,0,0,0,0,0,0,0,0,0,0,0,,,,
1415215294.51501,pg_catalog,pg_constraint,0,0,24,8,16,0,8,0,8,8,9,72,16,144,0,0,0,0
1415215294.51501,pg_catalog,pg_range,0,0,482,0,0,0,0,0,0,0,0,0,62,902,,,,
1415215294.51501,pg_toast,pg_toast_11600,0,0,0,0,0,0,0,0,0,0,0,0,0,0,,,,
1415215294.51501,pg_toast,pg_toast_11590,0,0,0,0,0,0,0,0,0,0,0,0,0,0,,,,
1415215294.51501,information_schema,sql_implementation_info,0,0,,,0,0,0,0,0,0,0,0,,,0,0,0,0
1415215294.51501,pg_catalog,pg_user_mapping,0,0,0,0,0,0,0,0,0,0,0,0,0,0,,,,
1415215294.51501,pg_catalog,pg_largeobject,0,0,0,0,0,0,0,0,0,0,0,0,0,0,,,,
1415215294.51501,pg_catalog,pg_namespace,223,1918,7667,5417,6,0,0,0,6,0,18,5638,163,10037,,,,
1415215294.51501,information_schema,sql_parts,0,0,,,0,0,0,0,0,0,0,0,,,0,0,0,0
1415215294.51501,pg_catalog,pg_authid,89,89,4529,4529,0,0,0,0,0,0,9,4609,36,9022,,,,
1415215294.51501,pg_catalog,pg_index,420,40695,22236,32116,73,0,45,0,138,45,106,24819,46,25958,,,,
1415215294.51501,pg_catalog,pg_ts_dict,0,0,0,0,0,0,0,0,0,0,0,0,0,0,,,,
1415215294.51501,pg_catalog,pg_class,1023,222447,61988,57967,145,35,107,35,326,111,212,66383,79,82028,,,,
1415215294.51501,pg_toast,pg_toast_2396,0,0,0,0,0,0,0,0,0,0,0,0,0,0,,,,
1415215294.51501,pg_catalog,pg_enum,0,0,0,0,0,0,0,0,0,0,0,0,0,0,,,,
1415215294.51501,pg_catalog,pg_db_role_setting,0,0,7218,0,0,0,0,0,0,0,0,0,9,7209,0,0,0,0
1415215294.51501,pg_catalog,pg_seclabel,0,0,273,0,0,0,0,0,0,0,0,0,28,245,0,0,0,0
1415215294.51501,pg_toast,pg_toast_2609,0,0,0,0,0,0,0,0,0,0,0,0,0,0,,,,
1415215294.51501,pg_toast,pg_toast_1255,0,0,0,0,0,0,0,0,0,0,0,0,0,0,,,,
1415215294.51501,pg_catalog,pg_rewrite,0,0,739,634,35,0,35,0,106,35,260,576,132,1128,174,359,61,403
1415215294.51501,pg_catalog,pg_ts_config,0,0,0,0,0,0,0,0,0,0,0,0,0,0,,,,
1415215294.51501,pg_catalog,pg_extension,0,0,0,0,0,0,0,0,0,0,0,0,0,0,,,,
1415215294.51501,public,part,10,14000000,33,2000032,2000000,0,0,0,2000000,0,119529,369021,5475,98,,,,
1415215294.51501,pg_catalog,pg_amop,0,0,19467,28101,0,0,0,0,0,0,33,28068,115,41518,,,,
1415215294.51501,pg_catalog,pg_cast,0,0,69539,17494,0,0,0,0,0,0,25,17469,16,71678,,,,
1415215294.51501,public,region,6455,32250,12,12,5,0,0,0,5,0,2,6462,4,12,,,,
1415215294.51501,pg_toast,pg_toast_2619,0,0,8460,28199,553,0,301,0,268,6,2211,11846,36,10044,,,,
1415215294.51501,pg_toast,pg_toast_11610,0,0,0,0,0,0,0,0,0,0,0,0,0,0,,,,
1415215294.51501,pg_toast,pg_toast_2604,0,0,0,0,0,0,0,0,0,0,0,0,0,0,,,,
1415215294.51501,public,orders,10,60000000,30,30,15015000,0,0,0,15015000,0,504810,1559367,2826,132769,,,,
1415215354.52319,pg_catalog,pg_auth_members,0,0,0,0,0,0,0,0,0,0,0,0,0,0,,,,
1415215354.52319,pg_catalog,pg_operator,0,0,16632,81480,0,0,0,0,0,0,175,57603,164,36422,,,,
1415215354.52319,pg_catalog,pg_aggregate,0,0,1132,1132,0,0,0,0,0,0,26,1106,69,1914,,,,
1415215354.52319,pg_catalog,pg_pltemplate,0,0,0,0,0,0,0,0,0,0,0,0,0,0,,,,
1415215354.52319,pg_toast,pg_toast_11615,0,0,0,0,0,0,0,0,0,0,0,0,0,0,,,,
1415215354.52319,pg_catalog,pg_description,0,0,273,0,0,0,0,0,0,0,0,0,88,520,0,0,0,0
1415215354.52319,pg_catalog,pg_language,0,0,0,0,0,0,0,0,0,0,0,0,0,0,,,,
1415215354.52319,public,supplier,12,600000,3274771,3274771,100000,0,0,0,100000,0,4491,3292598,280,6566977,,,,
1415215354.52319,pg_catalog,pg_ts_parser,0,0,0,0,0,0,0,0,0,0,0,0,0,0,,,,
1415215354.52319,pg_catalog,pg_shseclabel,0,0,0,0,0,0,0,0,0,0,0,0,0,0,,,,
1415215354.52319,pg_catalog,pg_foreign_table,0,0,0,0,0,0,0,0,0,0,0,0,0,0,,,,
1415215354.52319,public,customer,9,9000000,28,28,1500000,0,0,0,1500000,0,68533,294885,6,86,,,,
1415215354.52319,pg_toast,pg_toast_11620,0,0,0,0,0,0,0,0,0,0,0,0,0,0,,,,
1415215354.52319,pg_catalog,pg_attrdef,0,0,0,0,0,0,0,0,0,0,0,0,0,0,0,0,0,0
1415215354.52319,pg_catalog,pg_ts_template,0,0,0,0,0,0,0,0,0,0,0,0,0,0,,,,
1415215354.52319,pg_catalog,pg_foreign_server,0,0,0,0,0,0,0,0,0,0,0,0,0,0,,,,
1415215354.52319,pg_catalog,pg_default_acl,0,0,288,0,0,0,0,0,0,0,0,0,27,261,,,,
1415215354.52319,pg_toast,pg_toast_11595,0,0,0,0,0,0,0,0,0,0,0,0,0,0,,,,
1415215354.52319,information_schema,sql_packages,0,0,,,0,0,0,0,0,0,0,0,,,0,0,0,0
1415215354.52319,pg_catalog,pg_attribute,187,1241,47847,104858,562,20,384,6,2425,419,771,53175,216,100295,,,,
1415215354.52319,public,time_statistics,8,50,,,11,8,0,8,11,8,2,25,,,,,,
1415215354.52319,pg_catalog,pg_statistic,0,0,12491,11782,146,263,83,66,512,0,789,12273,84,27266,2219,11910,36,10102
1415215354.52319,pg_toast,pg_toast_2618,0,0,310,1005,0,0,0,0,0,0,174,366,61,409,,,,
1415215354.52319,pg_toast,pg_toast_3596,0,0,0,0,0,0,0,0,0,0,0,0,0,0,,,,
1415215354.52319,information_schema,sql_features,0,0,,,0,0,0,0,0,0,0,0,,,0,0,0,0
1415215354.52319,pg_catalog,pg_depend,0,0,2872,3048,563,0,473,0,6294,474,369,3508,677,7620,,,,
1415215354.52319,pg_toast,pg_toast_11605,0,0,0,0,0,0,0,0,0,0,0,0,0,0,,,,
1415215354.52319,pg_catalog,pg_opclass,34,34,13250,143130,0,0,0,0,0,0,18,50708,69,16529,,,,
1415215354.52319,pg_catalog,pg_proc,0,0,20600,30486,0,0,0,0,0,0,1257,21721,459,45491,0,0,0,0
1415215354.52319,public,nation,12,100,3274769,3274769,25,0,0,0,25,0,2,3274773,4,3274777,,,,
1415215354.52319,pg_catalog,pg_trigger,0,0,0,0,0,0,0,0,0,0,0,0,0,0,0,0,0,0
1415215354.52319,information_schema,sql_languages,0,0,,,0,0,0,0,0,0,0,0,,,0,0,0,0
1415215354.52319,pg_catalog,pg_am,2415,2415,0,0,0,0,0,0,0,0,8,2407,0,0,,,,
1415215354.52319,pg_catalog,pg_largeobject_metadata,0,0,0,0,0,0,0,0,0,0,0,0,0,0,,,,
1415215354.52319,pg_catalog,pg_ts_config_map,0,0,0,0,0,0,0,0,0,0,0,0,0,0,,,,
1415215354.52319,pg_catalog,pg_type,0,0,50186,49677,142,0,123,0,349,2,146,50019,295,82187,,,,
1415215354.52319,information_schema,sql_sizing_profiles,0,0,,,0,0,0,0,0,0,0,0,,,0,0,0,0
1415215354.52319,pg_catalog,pg_shdepend,0,0,353,79,0,0,0,0,0,0,31,48,124,365,,,,
1415215354.52319,pg_catalog,pg_conversion,0,0,0,0,0,0,0,0,0,0,0,0,0,0,,,,
1415215354.52319,pg_catalog,pg_foreign_data_wrapper,0,0,0,0,0,0,0,0,0,0,0,0,0,0,,,,
1415215354.52319,pg_catalog,pg_opfamily,0,0,0,0,0,0,0,0,0,0,0,0,0,0,,,,
1415215354.52319,pg_catalog,pg_shdescription,0,0,0,0,0,0,0,0,0,0,0,0,0,0,0,0,0,0
1415215354.52319,pg_catalog,pg_tablespace,2,4,1631,1631,0,0,0,0,0,0,9,1624,18,3244,,,,
1415215354.52319,pg_catalog,pg_inherits,0,0,62,0,0,0,0,0,0,0,0,0,32,30,,,,
1415215354.52319,public,partsupp,4,24000000,48174,9716231,8000000,0,0,0,8000000,0,511569,2831426,37689,133568,,,,
1415215354.52319,public,lineitem,18,599920137,90418,12538100,60045669,0,0,0,60045527,0,13002998,5402154,160366,1655077,,,,
1415215354.52319,pg_toast,pg_toast_2606,0,0,0,0,0,0,0,0,0,0,0,0,0,0,,,,
1415215354.52319,pg_toast,pg_toast_2964,0,0,0,0,0,0,0,0,0,0,0,0,0,0,,,,
1415215354.52319,pg_catalog,pg_database,235,895,8297,8295,1,0,0,0,1,0,1,8530,36,13106,,,,
1415215354.52319,pg_toast,pg_toast_2620,0,0,0,0,0,0,0,0,0,0,0,0,0,0,,,,
1415215354.52319,information_schema,sql_sizing,0,0,,,0,0,0,0,0,0,0,0,,,0,0,0,0
1415215354.52319,pg_catalog,pg_amproc,34,68,9751,14529,0,0,0,0,0,0,32,9539,24,21820,,,,
1415215354.52319,pg_catalog,pg_collation,0,0,0,0,0,0,0,0,0,0,0,0,0,0,,,,
1415215354.52319,pg_catalog,pg_constraint,0,0,24,8,16,0,8,0,8,8,9,72,16,144,0,0,0,0
1415215354.52319,pg_catalog,pg_range,0,0,486,0,0,0,0,0,0,0,0,0,64,908,,,,
1415215354.52319,pg_toast,pg_toast_11600,0,0,0,0,0,0,0,0,0,0,0,0,0,0,,,,
1415215354.52319,pg_toast,pg_toast_11590,0,0,0,0,0,0,0,0,0,0,0,0,0,0,,,,
1415215354.52319,information_schema,sql_implementation_info,0,0,,,0,0,0,0,0,0,0,0,,,0,0,0,0
1415215354.52319,pg_catalog,pg_user_mapping,0,0,0,0,0,0,0,0,0,0,0,0,0,0,,,,
1415215354.52319,pg_catalog,pg_largeobject,0,0,0,0,0,0,0,0,0,0,0,0,0,0,,,,
1415215354.52319,pg_catalog,pg_namespace,226,1954,7715,5449,6,0,0,0,6,0,18,5673,165,10100,,,,
1415215354.52319,information_schema,sql_parts,0,0,,,0,0,0,0,0,0,0,0,,,0,0,0,0
1415215354.52319,pg_catalog,pg_authid,89,89,4563,4563,0,0,0,0,0,0,9,4643,36,9090,,,,
1415215354.52319,pg_catalog,pg_index,424,41247,22363,32299,73,0,45,0,138,45,106,24974,46,26111,,,,
1415215354.52319,pg_catalog,pg_ts_dict,0,0,0,0,0,0,0,0,0,0,0,0,0,0,,,,
1415215354.52319,pg_catalog,pg_class,1034,225464,62512,58469,145,35,107,35,326,111,212,66985,79,83111,,,,
1415215354.52319,pg_toast,pg_toast_2396,0,0,0,0,0,0,0,0,0,0,0,0,0,0,,,,
1415215354.52319,pg_catalog,pg_enum,0,0,0,0,0,0,0,0,0,0,0,0,0,0,,,,
1415215354.52319,pg_catalog,pg_db_role_setting,0,0,7275,0,0,0,0,0,0,0,0,0,9,7266,0,0,0,0
1415215354.52319,pg_catalog,pg_seclabel,0,0,273,0,0,0,0,0,0,0,0,0,28,245,0,0,0,0
1415215354.52319,pg_toast,pg_toast_2609,0,0,0,0,0,0,0,0,0,0,0,0,0,0,,,,
1415215354.52319,pg_toast,pg_toast_1255,0,0,0,0,0,0,0,0,0,0,0,0,0,0,,,,
1415215354.52319,pg_catalog,pg_rewrite,0,0,745,640,35,0,35,0,106,35,260,582,132,1138,174,366,61,409
1415215354.52319,pg_catalog,pg_ts_config,0,0,0,0,0,0,0,0,0,0,0,0,0,0,,,,
1415215354.52319,pg_catalog,pg_extension,0,0,0,0,0,0,0,0,0,0,0,0,0,0,,,,
1415215354.52319,public,part,12,18000000,46,2002007,2000000,0,0,0,2000000,0,121450,450076,5497,131,,,,
1415215354.52319,pg_catalog,pg_amop,0,0,19566,28249,0,0,0,0,0,0,33,28216,115,41734,,,,
1415215354.52319,pg_catalog,pg_cast,0,0,69971,17615,0,0,0,0,0,0,25,17590,16,72126,,,,
1415215354.52319,public,region,6455,32250,12,12,5,0,0,0,5,0,2,6462,4,12,,,,
1415215354.52319,pg_toast,pg_toast_2619,0,0,8511,28370,553,0,301,0,268,6,2219,11910,36,10102,,,,
1415215354.52319,pg_toast,pg_toast_11610,0,0,0,0,0,0,0,0,0,0,0,0,0,0,,,,
1415215354.52319,pg_toast,pg_toast_2604,0,0,0,0,0,0,0,0,0,0,0,0,0,0,,,,
1415215354.52319,public,orders,10,60000000,3248959,3248959,15015000,0,0,0,15015000,0,758078,4555028,43912,9856363,,,,
1415215414.52396,pg_catalog,pg_auth_members,0,0,0,0,0,0,0,0,0,0,0,0,0,0,,,,
1415215414.52396,pg_catalog,pg_operator,0,0,16649,81497,0,0,0,0,0,0,175,57620,164,36464,,,,
1415215414.52396,pg_catalog,pg_aggregate,0,0,1133,1133,0,0,0,0,0,0,26,1107,69,1916,,,,
1415215414.52396,pg_catalog,pg_pltemplate,0,0,0,0,0,0,0,0,0,0,0,0,0,0,,,,
1415215414.52396,pg_toast,pg_toast_11615,0,0,0,0,0,0,0,0,0,0,0,0,0,0,,,,
1415215414.52396,pg_catalog,pg_description,0,0,273,0,0,0,0,0,0,0,0,0,88,520,0,0,0,0
1415215414.52396,pg_catalog,pg_language,0,0,0,0,0,0,0,0,0,0,0,0,0,0,,,,
1415215414.52396,public,supplier,12,600000,3274771,3274771,100000,0,0,0,100000,0,4491,3292598,280,6566977,,,,
1415215414.52396,pg_catalog,pg_ts_parser,0,0,0,0,0,0,0,0,0,0,0,0,0,0,,,,
1415215414.52396,pg_catalog,pg_shseclabel,0,0,0,0,0,0,0,0,0,0,0,0,0,0,,,,
1415215414.52396,pg_catalog,pg_foreign_table,0,0,0,0,0,0,0,0,0,0,0,0,0,0,,,,
1415215414.52396,public,customer,9,9000000,28,28,1500000,0,0,0,1500000,0,68533,294885,6,86,,,,
1415215414.52396,pg_toast,pg_toast_11620,0,0,0,0,0,0,0,0,0,0,0,0,0,0,,,,
1415215414.52396,pg_catalog,pg_attrdef,0,0,0,0,0,0,0,0,0,0,0,0,0,0,0,0,0,0
1415215414.52396,pg_catalog,pg_ts_template,0,0,0,0,0,0,0,0,0,0,0,0,0,0,,,,
1415215414.52396,pg_catalog,pg_foreign_server,0,0,0,0,0,0,0,0,0,0,0,0,0,0,,,,
1415215414.52396,pg_catalog,pg_default_acl,0,0,288,0,0,0,0,0,0,0,0,0,27,261,,,,
1415215414.52396,pg_toast,pg_toast_11595,0,0,0,0,0,0,0,0,0,0,0,0,0,0,,,,
1415215414.52396,information_schema,sql_packages,0,0,,,0,0,0,0,0,0,0,0,,,0,0,0,0
1415215414.52396,pg_catalog,pg_attribute,187,1241,48038,105172,562,20,384,6,2425,419,771,53367,216,100683,,,,
1415215414.52396,public,time_statistics,8,50,,,11,8,0,8,11,8,2,25,,,,,,
1415215414.52396,pg_catalog,pg_statistic,0,0,12516,11801,146,263,83,66,512,0,789,12292,84,27321,2219,11913,36,10108
1415215414.52396,pg_toast,pg_toast_2618,0,0,314,1018,0,0,0,0,0,0,179,368,61,415,,,,
1415215414.52396,pg_toast,pg_toast_3596,0,0,0,0,0,0,0,0,0,0,0,0,0,0,,,,
1415215414.52396,information_schema,sql_features,0,0,,,0,0,0,0,0,0,0,0,,,0,0,0,0
1415215414.52396,pg_catalog,pg_depend,0,0,2872,3048,563,0,473,0,6294,474,369,3508,677,7620,,,,
1415215414.52396,pg_toast,pg_toast_11605,0,0,0,0,0,0,0,0,0,0,0,0,0,0,,,,
1415215414.52396,pg_catalog,pg_opclass,34,34,13267,143303,0,0,0,0,0,0,18,50764,69,16555,,,,
1415215414.52396,pg_catalog,pg_proc,0,0,20676,30597,0,0,0,0,0,0,1259,21810,459,45658,0,0,0,0
1415215414.52396,public,nation,12,100,3274769,3274769,25,0,0,0,25,0,2,3274773,4,3274777,,,,
1415215414.52396,pg_catalog,pg_trigger,0,0,0,0,0,0,0,0,0,0,0,0,0,0,0,0,0,0
1415215414.52396,information_schema,sql_languages,0,0,,,0,0,0,0,0,0,0,0,,,0,0,0,0
1415215414.52396,pg_catalog,pg_am,2421,2421,0,0,0,0,0,0,0,0,8,2413,0,0,,,,
1415215414.52396,pg_catalog,pg_largeobject_metadata,0,0,0,0,0,0,0,0,0,0,0,0,0,0,,,,
1415215414.52396,pg_catalog,pg_ts_config_map,0,0,0,0,0,0,0,0,0,0,0,0,0,0,,,,
1415215414.52396,pg_catalog,pg_type,0,0,50276,49767,142,0,123,0,349,2,146,50109,295,82372,,,,
1415215414.52396,information_schema,sql_sizing_profiles,0,0,,,0,0,0,0,0,0,0,0,,,0,0,0,0
1415215414.52396,pg_catalog,pg_shdepend,0,0,353,79,0,0,0,0,0,0,31,48,124,365,,,,
1415215414.52396,pg_catalog,pg_conversion,0,0,0,0,0,0,0,0,0,0,0,0,0,0,,,,
1415215414.52396,pg_catalog,pg_foreign_data_wrapper,0,0,0,0,0,0,0,0,0,0,0,0,0,0,,,,
1415215414.52396,pg_catalog,pg_opfamily,0,0,0,0,0,0,0,0,0,0,0,0,0,0,,,,
1415215414.52396,pg_catalog,pg_shdescription,0,0,0,0,0,0,0,0,0,0,0,0,0,0,0,0,0,0
1415215414.52396,pg_catalog,pg_tablespace,2,4,1636,1636,0,0,0,0,0,0,9,1629,18,3254,,,,
1415215414.52396,pg_catalog,pg_inherits,0,0,62,0,0,0,0,0,0,0,0,0,32,30,,,,
1415215414.52396,public,partsupp,4,24000000,48174,9716231,8000000,0,0,0,8000000,0,511569,2831426,37689,133568,,,,
1415215414.52396,public,lineitem,18,599920137,90418,12538100,60045669,0,0,0,60045527,0,13002998,5402154,160366,1655077,,,,
1415215414.52396,pg_toast,pg_toast_2606,0,0,0,0,0,0,0,0,0,0,0,0,0,0,,,,
1415215414.52396,pg_toast,pg_toast_2964,0,0,0,0,0,0,0,0,0,0,0,0,0,0,,,,
1415215414.52396,pg_catalog,pg_database,238,907,8326,8324,1,0,0,0,1,0,1,8562,36,13149,,,,
1415215414.52396,pg_toast,pg_toast_2620,0,0,0,0,0,0,0,0,0,0,0,0,0,0,,,,
1415215414.52396,information_schema,sql_sizing,0,0,,,0,0,0,0,0,0,0,0,,,0,0,0,0
1415215414.52396,pg_catalog,pg_amproc,34,68,9767,14554,0,0,0,0,0,0,32,9555,24,21858,,,,
1415215414.52396,pg_catalog,pg_collation,0,0,0,0,0,0,0,0,0,0,0,0,0,0,,,,
1415215414.52396,pg_catalog,pg_constraint,0,0,24,8,16,0,8,0,8,8,9,72,16,144,0,0,0,0
1415215414.52396,pg_catalog,pg_range,0,0,486,0,0,0,0,0,0,0,0,0,64,908,,,,
1415215414.52396,pg_toast,pg_toast_11600,0,0,0,0,0,0,0,0,0,0,0,0,0,0,,,,
1415215414.52396,pg_toast,pg_toast_11590,0,0,0,0,0,0,0,0,0,0,0,0,0,0,,,,
1415215414.52396,information_schema,sql_implementation_info,0,0,,,0,0,0,0,0,0,0,0,,,0,0,0,0
1415215414.52396,pg_catalog,pg_user_mapping,0,0,0,0,0,0,0,0,0,0,0,0,0,0,,,,
1415215414.52396,pg_catalog,pg_largeobject,0,0,0,0,0,0,0,0,0,0,0,0,0,0,,,,
1415215414.52396,pg_catalog,pg_namespace,229,1990,7730,5459,6,0,0,0,6,0,18,5686,165,10120,,,,
1415215414.52396,information_schema,sql_parts,0,0,,,0,0,0,0,0,0,0,0,,,0,0,0,0
1415215414.52396,pg_catalog,pg_authid,90,90,4573,4573,0,0,0,0,0,0,9,4654,36,9110,,,,
1415215414.52396,pg_catalog,pg_index,428,41799,22397,32343,73,0,45,0,138,45,106,25032,46,26156,,,,
1415215414.52396,pg_catalog,pg_ts_dict,0,0,0,0,0,0,0,0,0,0,0,0,0,0,,,,
1415215414.52396,pg_catalog,pg_class,1045,228481,62847,58804,145,35,107,35,326,111,213,67419,79,83793,,,,
1415215414.52396,pg_toast,pg_toast_2396,0,0,0,0,0,0,0,0,0,0,0,0,0,0,,,,
1415215414.52396,pg_catalog,pg_enum,0,0,0,0,0,0,0,0,0,0,0,0,0,0,,,,
1415215414.52396,pg_catalog,pg_db_role_setting,0,0,7296,0,0,0,0,0,0,0,0,0,9,7287,0,0,0,0
1415215414.52396,pg_catalog,pg_seclabel,0,0,273,0,0,0,0,0,0,0,0,0,28,245,0,0,0,0
1415215414.52396,pg_toast,pg_toast_2609,0,0,0,0,0,0,0,0,0,0,0,0,0,0,,,,
1415215414.52396,pg_toast,pg_toast_1255,0,0,0,0,0,0,0,0,0,0,0,0,0,0,,,,
1415215414.52396,pg_catalog,pg_rewrite,0,0,752,647,35,0,35,0,106,35,265,584,132,1150,179,368,61,415
1415215414.52396,pg_catalog,pg_ts_config,0,0,0,0,0,0,0,0,0,0,0,0,0,0,,,,
1415215414.52396,pg_catalog,pg_extension,0,0,0,0,0,0,0,0,0,0,0,0,0,0,,,,
1415215414.52396,public,part,12,18000000,46,2002007,2000000,0,0,0,2000000,0,121450,450076,5497,131,,,,
1415215414.52396,pg_catalog,pg_amop,0,0,19599,28290,0,0,0,0,0,0,33,28257,115,41808,,,,
1415215414.52396,pg_catalog,pg_cast,0,0,70039,17643,0,0,0,0,0,0,25,17618,16,72199,,,,
1415215414.52396,public,region,6455,32250,12,12,5,0,0,0,5,0,2,6462,4,12,,,,
1415215414.52396,pg_toast,pg_toast_2619,0,0,8514,28376,553,0,301,0,268,6,2219,11913,36,10108,,,,
1415215414.52396,pg_toast,pg_toast_11610,0,0,0,0,0,0,0,0,0,0,0,0,0,0,,,,
1415215414.52396,pg_toast,pg_toast_2604,0,0,0,0,0,0,0,0,0,0,0,0,0,0,,,,
1415215414.52396,public,orders,10,60000000,3248959,3248959,15015000,0,0,0,15015000,0,758078,4555028,43912,9856363,,,,
1415215474.52365,pg_catalog,pg_auth_members,0,0,0,0,0,0,0,0,0,0,0,0,0,0,,,,
1415215474.52365,pg_catalog,pg_operator,0,0,16710,81823,0,0,0,0,0,0,175,57848,164,36603,,,,
1415215474.52365,pg_catalog,pg_aggregate,0,0,1136,1136,0,0,0,0,0,0,26,1110,69,1922,,,,
1415215474.52365,pg_catalog,pg_pltemplate,0,0,0,0,0,0,0,0,0,0,0,0,0,0,,,,
1415215474.52365,pg_toast,pg_toast_11615,0,0,0,0,0,0,0,0,0,0,0,0,0,0,,,,
1415215474.52365,pg_catalog,pg_description,0,0,273,0,0,0,0,0,0,0,0,0,88,520,0,0,0,0
1415215474.52365,pg_catalog,pg_language,0,0,0,0,0,0,0,0,0,0,0,0,0,0,,,,
1415215474.52365,public,supplier,12,600000,3299252,3299252,100000,0,0,0,100000,0,6670,3314900,556,6615777,,,,
1415215474.52365,pg_catalog,pg_ts_parser,0,0,0,0,0,0,0,0,0,0,0,0,0,0,,,,
1415215474.52365,pg_catalog,pg_shseclabel,0,0,0,0,0,0,0,0,0,0,0,0,0,0,,,,
1415215474.52365,pg_catalog,pg_foreign_table,0,0,0,0,0,0,0,0,0,0,0,0,0,0,,,,
1415215474.52365,public,customer,10,10500000,41,299874,1500000,0,0,0,1500000,0,103811,440210,844,111,,,,
1415215474.52365,pg_toast,pg_toast_11620,0,0,0,0,0,0,0,0,0,0,0,0,0,0,,,,
1415215474.52365,pg_catalog,pg_attrdef,0,0,0,0,0,0,0,0,0,0,0,0,0,0,0,0,0,0
1415215474.52365,pg_catalog,pg_ts_template,0,0,0,0,0,0,0,0,0,0,0,0,0,0,,,,
1415215474.52365,pg_catalog,pg_foreign_server,0,0,0,0,0,0,0,0,0,0,0,0,0,0,,,,
1415215474.52365,pg_catalog,pg_default_acl,0,0,288,0,0,0,0,0,0,0,0,0,27,261,,,,
1415215474.52365,pg_toast,pg_toast_11595,0,0,0,0,0,0,0,0,0,0,0,0,0,0,,,,
1415215474.52365,information_schema,sql_packages,0,0,,,0,0,0,0,0,0,0,0,,,0,0,0,0
1415215474.52365,pg_catalog,pg_attribute,187,1241,48332,105726,562,20,384,6,2425,419,771,53670,216,101283,,,,
1415215474.52365,public,time_statistics,10,73,,,13,10,0,10,13,10,2,31,,,,,,
1415215474.52365,pg_catalog,pg_statistic,0,0,12579,11852,146,263,83,66,512,0,790,12342,84,27456,2228,11941,36,10142
1415215474.52365,pg_toast,pg_toast_2618,0,0,318,1031,0,0,0,0,0,0,179,375,61,421,,,,
1415215474.52365,pg_toast,pg_toast_3596,0,0,0,0,0,0,0,0,0,0,0,0,0,0,,,,
1415215474.52365,information_schema,sql_features,0,0,,,0,0,0,0,0,0,0,0,,,0,0,0,0
1415215474.52365,pg_catalog,pg_depend,0,0,2872,3048,563,0,473,0,6294,474,369,3508,677,7620,,,,
1415215474.52365,pg_toast,pg_toast_11605,0,0,0,0,0,0,0,0,0,0,0,0,0,0,,,,
1415215474.52365,pg_catalog,pg_opclass,34,34,13320,143892,0,0,0,0,0,0,18,50971,69,16625,,,,
1415215474.52365,pg_catalog,pg_proc,0,0,20802,30779,0,0,0,0,0,0,1263,21952,459,45938,0,0,0,0
1415215474.52365,public,nation,13,125,3299252,3299252,25,0,0,0,25,0,3,3299256,6,3299259,,,,
1415215474.52365,pg_catalog,pg_trigger,0,0,0,0,0,0,0,0,0,0,0,0,0,0,0,0,0,0
1415215474.52365,information_schema,sql_languages,0,0,,,0,0,0,0,0,0,0,0,,,0,0,0,0
1415215474.52365,pg_catalog,pg_am,2433,2433,0,0,0,0,0,0,0,0,8,2425,0,0,,,,
1415215474.52365,pg_catalog,pg_largeobject_metadata,0,0,0,0,0,0,0,0,0,0,0,0,0,0,,,,
1415215474.52365,pg_catalog,pg_ts_config_map,0,0,0,0,0,0,0,0,0,0,0,0,0,0,,,,
1415215474.52365,pg_catalog,pg_type,0,0,50546,50037,142,0,123,0,349,2,146,50379,298,82921,,,,
1415215474.52365,information_schema,sql_sizing_profiles,0,0,,,0,0,0,0,0,0,0,0,,,0,0,0,0
1415215474.52365,pg_catalog,pg_shdepend,0,0,353,79,0,0,0,0,0,0,31,48,124,365,,,,
1415215474.52365,pg_catalog,pg_conversion,0,0,0,0,0,0,0,0,0,0,0,0,0,0,,,,
1415215474.52365,pg_catalog,pg_foreign_data_wrapper,0,0,0,0,0,0,0,0,0,0,0,0,0,0,,,,
1415215474.52365,pg_catalog,pg_opfamily,0,0,0,0,0,0,0,0,0,0,0,0,0,0,,,,
1415215474.52365,pg_catalog,pg_shdescription,0,0,0,0,0,0,0,0,0,0,0,0,0,0,0,0,0,0
1415215474.52365,pg_catalog,pg_tablespace,2,4,1645,1645,0,0,0,0,0,0,9,1638,18,3272,,,,
1415215474.52365,pg_catalog,pg_inherits,0,0,62,0,0,0,0,0,0,0,0,0,32,30,,,,
1415215474.52365,public,partsupp,4,24000000,48174,9716231,8000000,0,0,0,8000000,0,511569,2831426,37689,133568,,,,
1415215474.52365,public,lineitem,20,720011475,103742,12938223,60045669,0,0,0,60045527,0,13527386,7410839,176451,1694226,,,,
1415215474.52365,pg_toast,pg_toast_2606,0,0,0,0,0,0,0,0,0,0,0,0,0,0,,,,
1415215474.52365,pg_toast,pg_toast_2964,0,0,0,0,0,0,0,0,0,0,0,0,0,0,,,,
1415215474.52365,pg_catalog,pg_database,241,919,8373,8371,1,0,0,0,1,0,1,8612,36,13222,,,,
1415215474.52365,pg_toast,pg_toast_2620,0,0,0,0,0,0,0,0,0,0,0,0,0,0,,,,
1415215474.52365,information_schema,sql_sizing,0,0,,,0,0,0,0,0,0,0,0,,,0,0,0,0
1415215474.52365,pg_catalog,pg_amproc,34,68,9811,14618,0,0,0,0,0,0,32,9598,24,21958,,,,
1415215474.52365,pg_catalog,pg_collation,0,0,0,0,0,0,0,0,0,0,0,0,0,0,,,,
1415215474.52365,pg_catalog,pg_constraint,0,0,24,8,16,0,8,0,8,8,9,72,16,144,0,0,0,0
1415215474.52365,pg_catalog,pg_range,0,0,489,0,0,0,0,0,0,0,0,0,64,914,,,,
1415215474.52365,pg_toast,pg_toast_11600,0,0,0,0,0,0,0,0,0,0,0,0,0,0,,,,
1415215474.52365,pg_toast,pg_toast_11590,0,0,0,0,0,0,0,0,0,0,0,0,0,0,,,,
1415215474.52365,information_schema,sql_implementation_info,0,0,,,0,0,0,0,0,0,0,0,,,0,0,0,0
1415215474.52365,pg_catalog,pg_user_mapping,0,0,0,0,0,0,0,0,0,0,0,0,0,0,,,,
1415215474.52365,pg_catalog,pg_largeobject,0,0,0,0,0,0,0,0,0,0,0,0,0,0,,,,
1415215474.52365,pg_catalog,pg_namespace,232,2026,7763,5481,6,0,0,0,6,0,18,5711,165,10165,,,,
1415215474.52365,information_schema,sql_parts,0,0,,,0,0,0,0,0,0,0,0,,,0,0,0,0
1415215474.52365,pg_catalog,pg_authid,91,91,4595,4595,0,0,0,0,0,0,9,4677,36,9154,,,,
1415215474.52365,pg_catalog,pg_index,432,42351,22493,32481,73,0,45,0,138,45,106,25154,46,26271,,,,
1415215474.52365,pg_catalog,pg_ts_dict,0,0,0,0,0,0,0,0,0,0,0,0,0,0,,,,
1415215474.52365,pg_catalog,pg_class,1056,231498,63304,59247,145,35,107,35,326,111,213,67962,79,84731,,,,
1415215474.52365,pg_toast,pg_toast_2396,0,0,0,0,0,0,0,0,0,0,0,0,0,0,,,,
1415215474.52365,pg_catalog,pg_enum,0,0,0,0,0,0,0,0,0,0,0,0,0,0,,,,
1415215474.52365,pg_catalog,pg_db_role_setting,0,0,7335,0,0,0,0,0,0,0,0,0,9,7326,0,0,0,0
1415215474.52365,pg_catalog,pg_seclabel,0,0,273,0,0,0,0,0,0,0,0,0,28,245,0,0,0,0
1415215474.52365,pg_toast,pg_toast_2609,0,0,0,0,0,0,0,0,0,0,0,0,0,0,,,,
1415215474.52365,pg_toast,pg_toast_1255,0,0,0,0,0,0,0,0,0,0,0,0,0,0,,,,
1415215474.52365,pg_catalog,pg_rewrite,0,0,759,654,35,0,35,0,106,35,265,591,132,1162,179,375,61,421
1415215474.52365,pg_catalog,pg_ts_config,0,0,0,0,0,0,0,0,0,0,0,0,0,0,,,,
1415215474.52365,pg_catalog,pg_extension,0,0,0,0,0,0,0,0,0,0,0,0,0,0,,,,
1415215474.52365,public,part,12,18000000,51,2015323,2000000,0,0,0,2000000,0,132847,450080,5566,144,,,,
1415215474.52365,pg_catalog,pg_amop,0,0,19686,28415,0,0,0,0,0,0,33,28382,115,41996,,,,
1415215474.52365,pg_catalog,pg_cast,0,0,70391,17724,0,0,0,0,0,0,25,17699,16,72562,,,,
1415215474.52365,public,region,6456,32255,14,14,5,0,0,0,5,0,3,6464,6,13,,,,
1415215474.52365,pg_toast,pg_toast_2619,0,0,8543,28461,553,0,301,0,268,6,2228,11941,36,10142,,,,
1415215474.52365,pg_toast,pg_toast_11610,0,0,0,0,0,0,0,0,0,0,0,0,0,0,,,,
1415215474.52365,pg_toast,pg_toast_2604,0,0,0,0,0,0,0,0,0,0,0,0,0,0,,,,
1415215474.52365,public,orders,11,75015000,3248968,7810928,15015000,0,0,0,15015000,0,1031718,4788440,56374,9856383,,,,
1415215534.52702,pg_catalog,pg_auth_members,0,0,0,0,0,0,0,0,0,0,0,0,0,0,,,,
1415215534.52702,pg_catalog,pg_operator,0,0,16742,81913,0,0,0,0,0,0,175,57916,164,36679,,,,
1415215534.52702,pg_catalog,pg_aggregate,0,0,1138,1138,0,0,0,0,0,0,26,1112,69,1926,,,,
1415215534.52702,pg_catalog,pg_pltemplate,0,0,0,0,0,0,0,0,0,0,0,0,0,0,,,,
1415215534.52702,pg_toast,pg_toast_11615,0,0,0,0,0,0,0,0,0,0,0,0,0,0,,,,
1415215534.52702,pg_catalog,pg_description,0,0,273,0,0,0,0,0,0,0,0,0,88,520,0,0,0,0
1415215534.52702,pg_catalog,pg_language,0,0,0,0,0,0,0,0,0,0,0,0,0,0,,,,
1415215534.52702,public,supplier,12,600000,3299257,3303189,100000,0,0,0,100000,0,6670,3316761,570,6615786,,,,
1415215534.52702,pg_catalog,pg_ts_parser,0,0,0,0,0,0,0,0,0,0,0,0,0,0,,,,
1415215534.52702,pg_catalog,pg_shseclabel,0,0,0,0,0,0,0,0,0,0,0,0,0,0,,,,
1415215534.52702,pg_catalog,pg_foreign_table,0,0,0,0,0,0,0,0,0,0,0,0,0,0,,,,
1415215534.52702,public,customer,10,10500000,41,299874,1500000,0,0,0,1500000,0,103811,440210,844,111,,,,
1415215534.52702,pg_toast,pg_toast_11620,0,0,0,0,0,0,0,0,0,0,0,0,0,0,,,,
1415215534.52702,pg_catalog,pg_attrdef,0,0,0,0,0,0,0,0,0,0,0,0,0,0,0,0,0,0
1415215534.52702,pg_catalog,pg_ts_template,0,0,0,0,0,0,0,0,0,0,0,0,0,0,,,,
1415215534.52702,pg_catalog,pg_foreign_server,0,0,0,0,0,0,0,0,0,0,0,0,0,0,,,,
1415215534.52702,pg_catalog,pg_default_acl,0,0,288,0,0,0,0,0,0,0,0,0,27,261,,,,
1415215534.52702,pg_toast,pg_toast_11595,0,0,0,0,0,0,0,0,0,0,0,0,0,0,,,,
1415215534.52702,information_schema,sql_packages,0,0,,,0,0,0,0,0,0,0,0,,,0,0,0,0
1415215534.52702,pg_catalog,pg_attribute,187,1241,48565,106139,562,20,384,6,2425,419,771,53907,216,101758,,,,
1415215534.52702,public,time_statistics,11,86,,,14,11,0,11,14,11,2,34,,,,,,
1415215534.52702,pg_catalog,pg_statistic,0,0,12620,11884,146,263,83,66,512,0,791,12373,84,27545,2231,11956,36,10160
1415215534.52702,pg_toast,pg_toast_2618,0,0,322,1044,0,0,0,0,0,0,182,379,61,427,,,,
1415215534.52702,pg_toast,pg_toast_3596,0,0,0,0,0,0,0,0,0,0,0,0,0,0,,,,
1415215534.52702,information_schema,sql_features,0,0,,,0,0,0,0,0,0,0,0,,,0,0,0,0
1415215534.52702,pg_catalog,pg_depend,0,0,2872,3048,563,0,473,0,6294,474,369,3508,677,7620,,,,
1415215534.52702,pg_toast,pg_toast_11605,0,0,0,0,0,0,0,0,0,0,0,0,0,0,,,,
1415215534.52702,pg_catalog,pg_opclass,34,34,13352,144232,0,0,0,0,0,0,18,51088,69,16670,,,,
1415215534.52702,pg_catalog,pg_proc,0,0,20896,30909,0,0,0,0,0,0,1267,22057,459,46147,0,0,0,0
1415215534.52702,public,nation,14,150,3299254,3299254,25,0,0,0,25,0,3,3299259,6,3299262,,,,
1415215534.52702,pg_catalog,pg_trigger,0,0,0,0,0,0,0,0,0,0,0,0,0,0,0,0,0,0
1415215534.52702,information_schema,sql_languages,0,0,,,0,0,0,0,0,0,0,0,,,0,0,0,0
1415215534.52702,pg_catalog,pg_am,2442,2442,0,0,0,0,0,0,0,0,8,2434,0,0,,,,
1415215534.52702,pg_catalog,pg_largeobject_metadata,0,0,0,0,0,0,0,0,0,0,0,0,0,0,,,,
1415215534.52702,pg_catalog,pg_ts_config_map,0,0,0,0,0,0,0,0,0,0,0,0,0,0,,,,
1415215534.52702,pg_catalog,pg_type,0,0,50691,50182,142,0,123,0,349,2,146,50524,298,83219,,,,
1415215534.52702,information_schema,sql_sizing_profiles,0,0,,,0,0,0,0,0,0,0,0,,,0,0,0,0
1415215534.52702,pg_catalog,pg_shdepend,0,0,353,79,0,0,0,0,0,0,31,48,124,365,,,,
1415215534.52702,pg_catalog,pg_conversion,0,0,0,0,0,0,0,0,0,0,0,0,0,0,,,,
1415215534.52702,pg_catalog,pg_foreign_data_wrapper,0,0,0,0,0,0,0,0,0,0,0,0,0,0,,,,
1415215534.52702,pg_catalog,pg_opfamily,0,0,0,0,0,0,0,0,0,0,0,0,0,0,,,,
1415215534.52702,pg_catalog,pg_shdescription,0,0,0,0,0,0,0,0,0,0,0,0,0,0,0,0,0,0
1415215534.52702,pg_catalog,pg_tablespace,2,4,1652,1652,0,0,0,0,0,0,9,1645,18,3286,,,,
1415215534.52702,pg_catalog,pg_inherits,0,0,62,0,0,0,0,0,0,0,0,0,32,30,,,,
1415215534.52702,public,partsupp,4,24000000,48174,9716231,8000000,0,0,0,8000000,0,511569,2831426,37689,133568,,,,
1415215534.52702,public,lineitem,22,840102813,798825,14212995,60045669,0,0,0,60045527,0,14625751,9152977,338653,4315977,,,,
1415215534.52702,pg_toast,pg_toast_2606,0,0,0,0,0,0,0,0,0,0,0,0,0,0,,,,
1415215534.52702,pg_toast,pg_toast_2964,0,0,0,0,0,0,0,0,0,0,0,0,0,0,,,,
1415215534.52702,pg_catalog,pg_database,244,931,8411,8409,1,0,0,0,1,0,1,8653,36,13280,,,,
1415215534.52702,pg_toast,pg_toast_2620,0,0,0,0,0,0,0,0,0,0,0,0,0,0,,,,
1415215534.52702,information_schema,sql_sizing,0,0,,,0,0,0,0,0,0,0,0,,,0,0,0,0
1415215534.52702,pg_catalog,pg_amproc,34,68,9840,14661,0,0,0,0,0,0,32,9626,24,22025,,,,
1415215534.52702,pg_catalog,pg_collation,0,0,0,0,0,0,0,0,0,0,0,0,0,0,,,,
1415215534.52702,pg_catalog,pg_constraint,0,0,24,8,16,0,8,0,8,8,9,72,16,144,0,0,0,0
1415215534.52702,pg_catalog,pg_range,0,0,490,0,0,0,0,0,0,0,0,0,64,916,,,,
1415215534.52702,pg_toast,pg_toast_11600,0,0,0,0,0,0,0,0,0,0,0,0,0,0,,,,
1415215534.52702,pg_toast,pg_toast_11590,0,0,0,0,0,0,0,0,0,0,0,0,0,0,,,,
1415215534.52702,information_schema,sql_implementation_info,0,0,,,0,0,0,0,0,0,0,0,,,0,0,0,0
1415215534.52702,pg_catalog,pg_user_mapping,0,0,0,0,0,0,0,0,0,0,0,0,0,0,,,,
1415215534.52702,pg_catalog,pg_largeobject,0,0,0,0,0,0,0,0,0,0,0,0,0,0,,,,
1415215534.52702,pg_catalog,pg_namespace,235,2062,7786,5496,6,0,0,0,6,0,18,5729,165,10196,,,,
1415215534.52702,information_schema,sql_parts,0,0,,,0,0,0,0,0,0,0,0,,,0,0,0,0
1415215534.52702,pg_catalog,pg_authid,92,92,4611,4611,0,0,0,0,0,0,9,4694,36,9186,,,,
1415215534.52702,pg_catalog,pg_index,436,42903,22551,32560,73,0,45,0,138,45,106,25237,46,26344,,,,
1415215534.52702,pg_catalog,pg_ts_dict,0,0,0,0,0,0,0,0,0,0,0,0,0,0,,,,
1415215534.52702,pg_catalog,pg_class,1067,234515,63690,59627,145,35,107,35,326,111,214,68441,79,85521,,,,
1415215534.52702,pg_toast,pg_toast_2396,0,0,0,0,0,0,0,0,0,0,0,0,0,0,,,,
1415215534.52702,pg_catalog,pg_enum,0,0,0,0,0,0,0,0,0,0,0,0,0,0,,,,
1415215534.52702,pg_catalog,pg_db_role_setting,0,0,7365,0,0,0,0,0,0,0,0,0,9,7356,0,0,0,0
1415215534.52702,pg_catalog,pg_seclabel,0,0,273,0,0,0,0,0,0,0,0,0,28,245,0,0,0,0
1415215534.52702,pg_toast,pg_toast_2609,0,0,0,0,0,0,0,0,0,0,0,0,0,0,,,,
1415215534.52702,pg_toast,pg_toast_1255,0,0,0,0,0,0,0,0,0,0,0,0,0,0,,,,
1415215534.52702,pg_catalog,pg_rewrite,0,0,766,661,35,0,35,0,106,35,268,595,132,1174,182,379,61,427
1415215534.52702,pg_catalog,pg_ts_config,0,0,0,0,0,0,0,0,0,0,0,0,0,0,,,,
1415215534.52702,pg_catalog,pg_extension,0,0,0,0,0,0,0,0,0,0,0,0,0,0,,,,
1415215534.52702,public,part,12,18000000,51,2015323,2000000,0,0,0,2000000,0,132847,450080,5566,144,,,,
1415215534.52702,pg_catalog,pg_amop,0,0,19741,28487,0,0,0,0,0,0,33,28454,115,42117,,,,
1415215534.52702,pg_catalog,pg_cast,0,0,70527,17765,0,0,0,0,0,0,25,17740,16,72706,,,,
1415215534.52702,public,region,6456,32255,14,14,5,0,0,0,5,0,3,6464,6,13,,,,
1415215534.52702,pg_toast,pg_toast_2619,0,0,8557,28500,553,0,301,0,268,6,2231,11956,36,10160,,,,
1415215534.52702,pg_toast,pg_toast_11610,0,0,0,0,0,0,0,0,0,0,0,0,0,0,,,,
1415215534.52702,pg_toast,pg_toast_2604,0,0,0,0,0,0,0,0,0,0,0,0,0,0,,,,
1415215534.52702,public,orders,11,75015000,4688990,9250950,15015000,0,0,0,15015000,0,1091675,6168505,97581,14143130,,,,
1415215594.52987,pg_catalog,pg_auth_members,0,0,0,0,0,0,0,0,0,0,0,0,0,0,,,,
1415215594.52987,pg_catalog,pg_operator,0,0,16773,82004,0,0,0,0,0,0,175,57983,164,36753,,,,
1415215594.52987,pg_catalog,pg_aggregate,0,0,1141,1141,0,0,0,0,0,0,26,1115,69,1931,,,,
1415215594.52987,pg_catalog,pg_pltemplate,0,0,0,0,0,0,0,0,0,0,0,0,0,0,,,,
1415215594.52987,pg_toast,pg_toast_11615,0,0,0,0,0,0,0,0,0,0,0,0,0,0,,,,
1415215594.52987,pg_catalog,pg_description,0,0,273,0,0,0,0,0,0,0,0,0,88,520,0,0,0,0
1415215594.52987,pg_catalog,pg_language,0,0,0,0,0,0,0,0,0,0,0,0,0,0,,,,
1415215594.52987,public,supplier,12,600000,3299257,3303189,100000,0,0,0,100000,0,6670,3316761,570,6615786,,,,
1415215594.52987,pg_catalog,pg_ts_parser,0,0,0,0,0,0,0,0,0,0,0,0,0,0,,,,
1415215594.52987,pg_catalog,pg_shseclabel,0,0,0,0,0,0,0,0,0,0,0,0,0,0,,,,
1415215594.52987,pg_catalog,pg_foreign_table,0,0,0,0,0,0,0,0,0,0,0,0,0,0,,,,
1415215594.52987,public,customer,11,12000000,43,299876,1500000,0,0,0,1500000,0,111305,467996,849,113,,,,
1415215594.52987,pg_toast,pg_toast_11620,0,0,0,0,0,0,0,0,0,0,0,0,0,0,,,,
1415215594.52987,pg_catalog,pg_attrdef,0,0,0,0,0,0,0,0,0,0,0,0,0,0,0,0,0,0
1415215594.52987,pg_catalog,pg_ts_template,0,0,0,0,0,0,0,0,0,0,0,0,0,0,,,,
1415215594.52987,pg_catalog,pg_foreign_server,0,0,0,0,0,0,0,0,0,0,0,0,0,0,,,,
1415215594.52987,pg_catalog,pg_default_acl,0,0,288,0,0,0,0,0,0,0,0,0,27,261,,,,
1415215594.52987,pg_toast,pg_toast_11595,0,0,0,0,0,0,0,0,0,0,0,0,0,0,,,,
1415215594.52987,information_schema,sql_packages,0,0,,,0,0,0,0,0,0,0,0,,,0,0,0,0
1415215594.52987,pg_catalog,pg_attribute,187,1241,48782,106515,562,20,384,6,2425,419,771,54127,216,102201,,,,
1415215594.52987,public,time_statistics,12,100,,,15,12,0,12,15,12,2,37,,,,,,
1415215594.52987,pg_catalog,pg_statistic,0,0,12654,11909,146,263,83,66,512,0,791,12398,84,27620,2237,11963,36,10173
1415215594.52987,pg_toast,pg_toast_2618,0,0,326,1057,0,0,0,0,0,0,182,386,61,433,,,,
1415215594.52987,pg_toast,pg_toast_3596,0,0,0,0,0,0,0,0,0,0,0,0,0,0,,,,
1415215594.52987,information_schema,sql_features,0,0,,,0,0,0,0,0,0,0,0,,,0,0,0,0
1415215594.52987,pg_catalog,pg_depend,0,0,2872,3048,563,0,473,0,6294,474,369,3508,677,7620,,,,
1415215594.52987,pg_toast,pg_toast_11605,0,0,0,0,0,0,0,0,0,0,0,0,0,0,,,,
1415215594.52987,pg_catalog,pg_opclass,34,34,13385,144573,0,0,0,0,0,0,18,51206,69,16716,,,,
1415215594.52987,pg_catalog,pg_proc,0,0,20991,31040,0,0,0,0,0,0,1270,22164,459,46358,0,0,0,0
1415215594.52987,public,nation,14,150,3299254,3299254,25,0,0,0,25,0,3,3299259,6,3299262,,,,
1415215594.52987,pg_catalog,pg_trigger,0,0,0,0,0,0,0,0,0,0,0,0,0,0,0,0,0,0
1415215594.52987,information_schema,sql_languages,0,0,,,0,0,0,0,0,0,0,0,,,0,0,0,0
1415215594.52987,pg_catalog,pg_am,2451,2451,0,0,0,0,0,0,0,0,8,2443,0,0,,,,
1415215594.52987,pg_catalog,pg_largeobject_metadata,0,0,0,0,0,0,0,0,0,0,0,0,0,0,,,,
1415215594.52987,pg_catalog,pg_ts_config_map,0,0,0,0,0,0,0,0,0,0,0,0,0,0,,,,
1415215594.52987,pg_catalog,pg_type,0,0,50842,50331,142,0,123,0,349,2,146,50673,302,83528,,,,
1415215594.52987,information_schema,sql_sizing_profiles,0,0,,,0,0,0,0,0,0,0,0,,,0,0,0,0
1415215594.52987,pg_catalog,pg_shdepend,0,0,353,79,0,0,0,0,0,0,31,48,124,365,,,,
1415215594.52987,pg_catalog,pg_conversion,0,0,0,0,0,0,0,0,0,0,0,0,0,0,,,,
1415215594.52987,pg_catalog,pg_foreign_data_wrapper,0,0,0,0,0,0,0,0,0,0,0,0,0,0,,,,
1415215594.52987,pg_catalog,pg_opfamily,0,0,0,0,0,0,0,0,0,0,0,0,0,0,,,,
1415215594.52987,pg_catalog,pg_shdescription,0,0,0,0,0,0,0,0,0,0,0,0,0,0,0,0,0,0
1415215594.52987,pg_catalog,pg_tablespace,2,4,1659,1659,0,0,0,0,0,0,9,1652,18,3300,,,,
1415215594.52987,pg_catalog,pg_inherits,0,0,62,0,0,0,0,0,0,0,0,0,32,30,,,,
1415215594.52987,public,partsupp,4,24000000,48174,9716231,8000000,0,0,0,8000000,0,511569,2831426,37689,133568,,,,
1415215594.52987,public,lineitem,22,840102813,798825,14212995,60045669,0,0,0,60045527,0,14625751,9152977,338653,4315977,,,,
1415215594.52987,pg_toast,pg_toast_2606,0,0,0,0,0,0,0,0,0,0,0,0,0,0,,,,
1415215594.52987,pg_toast,pg_toast_2964,0,0,0,0,0,0,0,0,0,0,0,0,0,0,,,,
1415215594.52987,pg_catalog,pg_database,247,943,8449,8447,1,0,0,0,1,0,1,8694,36,13338,,,,
1415215594.52987,pg_toast,pg_toast_2620,0,0,0,0,0,0,0,0,0,0,0,0,0,0,,,,
1415215594.52987,information_schema,sql_sizing,0,0,,,0,0,0,0,0,0,0,0,,,0,0,0,0
1415215594.52987,pg_catalog,pg_amproc,34,68,9867,14703,0,0,0,0,0,0,32,9653,24,22088,,,,
1415215594.52987,pg_catalog,pg_collation,0,0,0,0,0,0,0,0,0,0,0,0,0,0,,,,
1415215594.52987,pg_catalog,pg_constraint,0,0,24,8,16,0,8,0,8,8,9,72,16,144,0,0,0,0
1415215594.52987,pg_catalog,pg_range,0,0,491,0,0,0,0,0,0,0,0,0,64,918,,,,
1415215594.52987,pg_toast,pg_toast_11600,0,0,0,0,0,0,0,0,0,0,0,0,0,0,,,,
1415215594.52987,pg_toast,pg_toast_11590,0,0,0,0,0,0,0,0,0,0,0,0,0,0,,,,
1415215594.52987,information_schema,sql_implementation_info,0,0,,,0,0,0,0,0,0,0,0,,,0,0,0,0
1415215594.52987,pg_catalog,pg_user_mapping,0,0,0,0,0,0,0,0,0,0,0,0,0,0,,,,
1415215594.52987,pg_catalog,pg_largeobject,0,0,0,0,0,0,0,0,0,0,0,0,0,0,,,,
1415215594.52987,pg_catalog,pg_namespace,238,2098,7809,5511,6,0,0,0,6,0,18,5747,165,10227,,,,
1415215594.52987,information_schema,sql_parts,0,0,,,0,0,0,0,0,0,0,0,,,0,0,0,0
1415215594.52987,pg_catalog,pg_authid,93,93,4627,4627,0,0,0,0,0,0,9,4711,36,9218,,,,
1415215594.52987,pg_catalog,pg_index,440,43455,22600,32625,73,0,45,0,138,45,106,25310,46,26408,,,,
1415215594.52987,pg_catalog,pg_ts_dict,0,0,0,0,0,0,0,0,0,0,0,0,0,0,,,,
1415215594.52987,pg_catalog,pg_class,1078,237532,64058,59991,145,35,107,35,326,111,214,68905,79,86275,,,,
1415215594.52987,pg_toast,pg_toast_2396,0,0,0,0,0,0,0,0,0,0,0,0,0,0,,,,
1415215594.52987,pg_catalog,pg_enum,0,0,0,0,0,0,0,0,0,0,0,0,0,0,,,,
1415215594.52987,pg_catalog,pg_db_role_setting,0,0,7395,0,0,0,0,0,0,0,0,0,9,7386,0,0,0,0
1415215594.52987,pg_catalog,pg_seclabel,0,0,273,0,0,0,0,0,0,0,0,0,28,245,0,0,0,0
1415215594.52987,pg_toast,pg_toast_2609,0,0,0,0,0,0,0,0,0,0,0,0,0,0,,,,
1415215594.52987,pg_toast,pg_toast_1255,0,0,0,0,0,0,0,0,0,0,0,0,0,0,,,,
1415215594.52987,pg_catalog,pg_rewrite,0,0,773,668,35,0,35,0,106,35,268,602,132,1186,182,386,61,433
1415215594.52987,pg_catalog,pg_ts_config,0,0,0,0,0,0,0,0,0,0,0,0,0,0,,,,
1415215594.52987,pg_catalog,pg_extension,0,0,0,0,0,0,0,0,0,0,0,0,0,0,,,,
1415215594.52987,public,part,12,18000000,51,2015323,2000000,0,0,0,2000000,0,132847,450080,5566,144,,,,
1415215594.52987,pg_catalog,pg_amop,0,0,19795,28563,0,0,0,0,0,0,33,28530,115,42236,,,,
1415215594.52987,pg_catalog,pg_cast,0,0,70677,17815,0,0,0,0,0,0,25,17790,16,72864,,,,
1415215594.52987,public,region,6456,32255,14,14,5,0,0,0,5,0,3,6464,6,13,,,,
1415215594.52987,pg_toast,pg_toast_2619,0,0,8566,28531,553,0,301,0,268,6,2237,11963,36,10173,,,,
1415215594.52987,pg_toast,pg_toast_11610,0,0,0,0,0,0,0,0,0,0,0,0,0,0,,,,
1415215594.52987,pg_toast,pg_toast_2604,0,0,0,0,0,0,0,0,0,0,0,0,0,0,,,,
1415215594.52987,public,orders,12,90030000,4688990,9250950,15015000,0,0,0,15015000,0,1092735,6420967,97581,14143130,,,,
1415215654.53549,pg_catalog,pg_auth_members,0,0,0,0,0,0,0,0,0,0,0,0,0,0,,,,
1415215654.53549,pg_catalog,pg_operator,0,0,16824,82263,0,0,0,0,0,0,176,58165,165,36871,,,,
1415215654.53549,pg_catalog,pg_aggregate,0,0,1146,1146,0,0,0,0,0,0,26,1120,69,1939,,,,
1415215654.53549,pg_catalog,pg_pltemplate,0,0,0,0,0,0,0,0,0,0,0,0,0,0,,,,
1415215654.53549,pg_toast,pg_toast_11615,0,0,0,0,0,0,0,0,0,0,0,0,0,0,,,,
1415215654.53549,pg_catalog,pg_description,0,0,273,0,0,0,0,0,0,0,0,0,88,520,0,0,0,0
1415215654.53549,pg_catalog,pg_language,0,0,0,0,0,0,0,0,0,0,0,0,0,0,,,,
1415215654.53549,public,supplier,12,600000,3299257,3303189,100000,0,0,0,100000,0,6670,3316761,570,6615786,,,,
1415215654.53549,pg_catalog,pg_ts_parser,0,0,0,0,0,0,0,0,0,0,0,0,0,0,,,,
1415215654.53549,pg_catalog,pg_shseclabel,0,0,0,0,0,0,0,0,0,0,0,0,0,0,,,,
1415215654.53549,pg_catalog,pg_foreign_table,0,0,0,0,0,0,0,0,0,0,0,0,0,0,,,,
1415215654.53549,public,customer,11,12000000,64,1172956,1500000,0,0,0,1500000,0,111305,573750,3598,148,,,,
1415215654.53549,pg_toast,pg_toast_11620,0,0,0,0,0,0,0,0,0,0,0,0,0,0,,,,
1415215654.53549,pg_catalog,pg_attrdef,0,0,0,0,0,0,0,0,0,0,0,0,0,0,0,0,0,0
1415215654.53549,pg_catalog,pg_ts_template,0,0,0,0,0,0,0,0,0,0,0,0,0,0,,,,
1415215654.53549,pg_catalog,pg_foreign_server,0,0,0,0,0,0,0,0,0,0,0,0,0,0,,,,
1415215654.53549,pg_catalog,pg_default_acl,0,0,288,0,0,0,0,0,0,0,0,0,27,261,,,,
1415215654.53549,pg_toast,pg_toast_11595,0,0,0,0,0,0,0,0,0,0,0,0,0,0,,,,
1415215654.53549,information_schema,sql_packages,0,0,,,0,0,0,0,0,0,0,0,,,0,0,0,0
1415215654.53549,pg_catalog,pg_attribute,187,1241,49038,106984,562,20,384,6,2425,419,771,54389,216,102724,,,,
1415215654.53549,public,time_statistics,14,131,,,17,14,0,14,17,14,2,43,,,,,,
1415215654.53549,pg_catalog,pg_statistic,0,0,12702,11945,146,263,83,66,512,0,791,12434,84,27725,2243,11983,36,10197
1415215654.53549,pg_toast,pg_toast_2618,0,0,330,1070,0,0,0,0,0,0,182,393,61,439,,,,
1415215654.53549,pg_toast,pg_toast_3596,0,0,0,0,0,0,0,0,0,0,0,0,0,0,,,,
1415215654.53549,information_schema,sql_features,0,0,,,0,0,0,0,0,0,0,0,,,0,0,0,0
1415215654.53549,pg_catalog,pg_depend,0,0,2872,3048,563,0,473,0,6294,474,369,3508,677,7620,,,,
1415215654.53549,pg_toast,pg_toast_11605,0,0,0,0,0,0,0,0,0,0,0,0,0,0,,,,
1415215654.53549,pg_catalog,pg_opclass,34,34,13433,145081,0,0,0,0,0,0,18,51385,69,16780,,,,
1415215654.53549,pg_catalog,pg_proc,0,0,21115,31223,0,0,0,0,0,0,1272,22306,461,46631,0,0,0,0
1415215654.53549,public,nation,14,150,3299254,3299254,25,0,0,0,25,0,3,3299259,6,3299262,,,,
1415215654.53549,pg_catalog,pg_trigger,0,0,0,0,0,0,0,0,0,0,0,0,0,0,0,0,0,0
1415215654.53549,information_schema,sql_languages,0,0,,,0,0,0,0,0,0,0,0,,,0,0,0,0
1415215654.53549,pg_catalog,pg_am,2462,2462,0,0,0,0,0,0,0,0,8,2454,0,0,,,,
1415215654.53549,pg_catalog,pg_largeobject_metadata,0,0,0,0,0,0,0,0,0,0,0,0,0,0,,,,
1415215654.53549,pg_catalog,pg_ts_config_map,0,0,0,0,0,0,0,0,0,0,0,0,0,0,,,,
1415215654.53549,pg_catalog,pg_type,0,0,51092,50581,142,0,123,0,349,2,146,50923,302,84040,,,,
1415215654.53549,information_schema,sql_sizing_profiles,0,0,,,0,0,0,0,0,0,0,0,,,0,0,0,0
1415215654.53549,pg_catalog,pg_shdepend,0,0,353,79,0,0,0,0,0,0,31,48,124,365,,,,
1415215654.53549,pg_catalog,pg_conversion,0,0,0,0,0,0,0,0,0,0,0,0,0,0,,,,
1415215654.53549,pg_catalog,pg_foreign_data_wrapper,0,0,0,0,0,0,0,0,0,0,0,0,0,0,,,,
1415215654.53549,pg_catalog,pg_opfamily,0,0,0,0,0,0,0,0,0,0,0,0,0,0,,,,
1415215654.53549,pg_catalog,pg_shdescription,0,0,0,0,0,0,0,0,0,0,0,0,0,0,0,0,0,0
1415215654.53549,pg_catalog,pg_tablespace,2,4,1668,1668,0,0,0,0,0,0,9,1661,18,3318,,,,
1415215654.53549,pg_catalog,pg_inherits,0,0,62,0,0,0,0,0,0,0,0,0,32,30,,,,
1415215654.53549,public,partsupp,4,24000000,48174,9716231,8000000,0,0,0,8000000,0,511569,2831426,37689,133568,,,,
1415215654.53549,public,lineitem,23,900148482,798827,14212997,60045669,0,0,0,60045527,0,15141959,9703246,338654,4315985,,,,
1415215654.53549,pg_toast,pg_toast_2606,0,0,0,0,0,0,0,0,0,0,0,0,0,0,,,,
1415215654.53549,pg_toast,pg_toast_2964,0,0,0,0,0,0,0,0,0,0,0,0,0,0,,,,
1415215654.53549,pg_catalog,pg_database,250,955,8493,8491,1,0,0,0,1,0,1,8741,36,13406,,,,
1415215654.53549,pg_toast,pg_toast_2620,0,0,0,0,0,0,0,0,0,0,0,0,0,0,,,,
1415215654.53549,information_schema,sql_sizing,0,0,,,0,0,0,0,0,0,0,0,,,0,0,0,0
1415215654.53549,pg_catalog,pg_amproc,34,68,9908,14763,0,0,0,0,0,0,32,9693,24,22181,,,,
1415215654.53549,pg_catalog,pg_collation,0,0,0,0,0,0,0,0,0,0,0,0,0,0,,,,
1415215654.53549,pg_catalog,pg_constraint,0,0,24,8,16,0,8,0,8,8,9,72,16,144,0,0,0,0
1415215654.53549,pg_catalog,pg_range,0,0,493,0,0,0,0,0,0,0,0,0,64,922,,,,
1415215654.53549,pg_toast,pg_toast_11600,0,0,0,0,0,0,0,0,0,0,0,0,0,0,,,,
1415215654.53549,pg_toast,pg_toast_11590,0,0,0,0,0,0,0,0,0,0,0,0,0,0,,,,
1415215654.53549,information_schema,sql_implementation_info,0,0,,,0,0,0,0,0,0,0,0,,,0,0,0,0
1415215654.53549,pg_catalog,pg_user_mapping,0,0,0,0,0,0,0,0,0,0,0,0,0,0,,,,
1415215654.53549,pg_catalog,pg_largeobject,0,0,0,0,0,0,0,0,0,0,0,0,0,0,,,,
1415215654.53549,pg_catalog,pg_namespace,241,2134,7841,5532,6,0,0,0,6,0,18,5771,167,10269,,,,
1415215654.53549,information_schema,sql_parts,0,0,,,0,0,0,0,0,0,0,0,,,0,0,0,0
1415215654.53549,pg_catalog,pg_authid,94,94,4647,4647,0,0,0,0,0,0,9,4732,36,9258,,,,
1415215654.53549,pg_catalog,pg_index,444,44007,22672,32726,73,0,45,0,138,45,106,25407,46,26498,,,,
1415215654.53549,pg_catalog,pg_ts_dict,0,0,0,0,0,0,0,0,0,0,0,0,0,0,,,,
1415215654.53549,pg_catalog,pg_class,1089,240549,64472,60396,145,35,107,35,326,111,214,69410,79,87126,,,,
1415215654.53549,pg_toast,pg_toast_2396,0,0,0,0,0,0,0,0,0,0,0,0,0,0,,,,
1415215654.53549,pg_catalog,pg_enum,0,0,0,0,0,0,0,0,0,0,0,0,0,0,,,,
1415215654.53549,pg_catalog,pg_db_role_setting,0,0,7431,0,0,0,0,0,0,0,0,0,9,7422,0,0,0,0
1415215654.53549,pg_catalog,pg_seclabel,0,0,273,0,0,0,0,0,0,0,0,0,28,245,0,0,0,0
1415215654.53549,pg_toast,pg_toast_2609,0,0,0,0,0,0,0,0,0,0,0,0,0,0,,,,
1415215654.53549,pg_toast,pg_toast_1255,0,0,0,0,0,0,0,0,0,0,0,0,0,0,,,,
1415215654.53549,pg_catalog,pg_rewrite,0,0,780,675,35,0,35,0,106,35,268,609,132,1198,182,393,61,439
1415215654.53549,pg_catalog,pg_ts_config,0,0,0,0,0,0,0,0,0,0,0,0,0,0,,,,
1415215654.53549,pg_catalog,pg_extension,0,0,0,0,0,0,0,0,0,0,0,0,0,0,,,,
1415215654.53549,public,part,12,18000000,51,2015323,2000000,0,0,0,2000000,0,132847,450080,5566,144,,,,
1415215654.53549,pg_catalog,pg_amop,0,0,19874,28679,0,0,0,0,0,0,33,28646,115,42408,,,,
1415215654.53549,pg_catalog,pg_cast,0,0,70958,17884,0,0,0,0,0,0,25,17859,16,73156,,,,
1415215654.53549,public,region,6456,32255,14,14,5,0,0,0,5,0,3,6464,6,13,,,,
1415215654.53549,pg_toast,pg_toast_2619,0,0,8585,28588,553,0,301,0,268,6,2243,11983,36,10197,,,,
1415215654.53549,pg_toast,pg_toast_11610,0,0,0,0,0,0,0,0,0,0,0,0,0,0,,,,
1415215654.53549,pg_toast,pg_toast_2604,0,0,0,0,0,0,0,0,0,0,0,0,0,0,,,,
1415215654.53549,public,orders,14,120060000,4688992,9250952,15015000,0,0,0,15015000,0,1092735,6928013,97582,14143136,,,,
1415215714.54219,pg_catalog,pg_auth_members,0,0,0,0,0,0,0,0,0,0,0,0,0,0,,,,
1415215714.54219,pg_catalog,pg_operator,0,0,16863,82364,0,0,0,0,0,0,176,58240,165,36964,,,,
1415215714.54219,pg_catalog,pg_aggregate,0,0,1148,1148,0,0,0,0,0,0,26,1122,69,1943,,,,
1415215714.54219,pg_catalog,pg_pltemplate,0,0,0,0,0,0,0,0,0,0,0,0,0,0,,,,
1415215714.54219,pg_toast,pg_toast_11615,0,0,0,0,0,0,0,0,0,0,0,0,0,0,,,,
1415215714.54219,pg_catalog,pg_description,0,0,273,0,0,0,0,0,0,0,0,0,88,520,0,0,0,0
1415215714.54219,pg_catalog,pg_language,0,0,0,0,0,0,0,0,0,0,0,0,0,0,,,,
1415215714.54219,public,supplier,12,600000,3299258,3303245,100000,0,0,0,100000,0,6670,3316816,572,6615786,,,,
1415215714.54219,pg_catalog,pg_ts_parser,0,0,0,0,0,0,0,0,0,0,0,0,0,0,,,,
1415215714.54219,pg_catalog,pg_shseclabel,0,0,0,0,0,0,0,0,0,0,0,0,0,0,,,,
1415215714.54219,pg_catalog,pg_foreign_table,0,0,0,0,0,0,0,0,0,0,0,0,0,0,,,,
1415215714.54219,public,customer,11,12000000,64,1172956,1500000,0,0,0,1500000,0,111305,573750,3598,148,,,,
1415215714.54219,pg_toast,pg_toast_11620,0,0,0,0,0,0,0,0,0,0,0,0,0,0,,,,
1415215714.54219,pg_catalog,pg_attrdef,0,0,0,0,0,0,0,0,0,0,0,0,0,0,0,0,0,0
1415215714.54219,pg_catalog,pg_ts_template,0,0,0,0,0,0,0,0,0,0,0,0,0,0,,,,
1415215714.54219,pg_catalog,pg_foreign_server,0,0,0,0,0,0,0,0,0,0,0,0,0,0,,,,
1415215714.54219,pg_catalog,pg_default_acl,0,0,288,0,0,0,0,0,0,0,0,0,27,261,,,,
1415215714.54219,pg_toast,pg_toast_11595,0,0,0,0,0,0,0,0,0,0,0,0,0,0,,,,
1415215714.54219,information_schema,sql_packages,0,0,,,0,0,0,0,0,0,0,0,,,0,0,0,0
1415215714.54219,pg_catalog,pg_attribute,187,1241,49290,107433,562,20,384,6,2425,419,771,54643,216,103238,,,,
1415215714.54219,public,time_statistics,15,148,,,18,15,0,15,18,15,2,46,,,,,,
1415215714.54219,pg_catalog,pg_statistic,0,0,12745,11977,146,263,83,66,512,0,793,12464,84,27820,2252,11990,36,10213
1415215714.54219,pg_toast,pg_toast_2618,0,0,334,1083,0,0,0,0,0,0,182,400,61,445,,,,
1415215714.54219,pg_toast,pg_toast_3596,0,0,0,0,0,0,0,0,0,0,0,0,0,0,,,,
1415215714.54219,information_schema,sql_features,0,0,,,0,0,0,0,0,0,0,0,,,0,0,0,0
1415215714.54219,pg_catalog,pg_depend,0,0,2872,3048,563,0,473,0,6294,474,369,3508,677,7620,,,,
1415215714.54219,pg_toast,pg_toast_11605,0,0,0,0,0,0,0,0,0,0,0,0,0,0,,,,
1415215714.54219,pg_catalog,pg_opclass,34,34,13478,145662,0,0,0,0,0,0,18,51584,69,16840,,,,
1415215714.54219,pg_catalog,pg_proc,0,0,21218,31376,0,0,0,0,0,0,1273,22429,461,46864,0,0,0,0
1415215714.54219,public,nation,14,150,3299254,3299254,25,0,0,0,25,0,3,3299259,6,3299262,,,,
1415215714.54219,pg_catalog,pg_trigger,0,0,0,0,0,0,0,0,0,0,0,0,0,0,0,0,0,0
1415215714.54219,information_schema,sql_languages,0,0,,,0,0,0,0,0,0,0,0,,,0,0,0,0
1415215714.54219,pg_catalog,pg_am,2472,2472,0,0,0,0,0,0,0,0,8,2464,0,0,,,,
1415215714.54219,pg_catalog,pg_largeobject_metadata,0,0,0,0,0,0,0,0,0,0,0,0,0,0,,,,
1415215714.54219,pg_catalog,pg_ts_config_map,0,0,0,0,0,0,0,0,0,0,0,0,0,0,,,,
1415215714.54219,pg_catalog,pg_type,0,0,51277,50764,142,0,123,0,349,2,146,51106,302,84423,,,,
1415215714.54219,information_schema,sql_sizing_profiles,0,0,,,0,0,0,0,0,0,0,0,,,0,0,0,0
1415215714.54219,pg_catalog,pg_shdepend,0,0,353,79,0,0,0,0,0,0,31,48,124,365,,,,
1415215714.54219,pg_catalog,pg_conversion,0,0,0,0,0,0,0,0,0,0,0,0,0,0,,,,
1415215714.54219,pg_catalog,pg_foreign_data_wrapper,0,0,0,0,0,0,0,0,0,0,0,0,0,0,,,,
1415215714.54219,pg_catalog,pg_opfamily,0,0,0,0,0,0,0,0,0,0,0,0,0,0,,,,
1415215714.54219,pg_catalog,pg_shdescription,0,0,0,0,0,0,0,0,0,0,0,0,0,0,0,0,0,0
1415215714.54219,pg_catalog,pg_tablespace,2,4,1677,1677,0,0,0,0,0,0,9,1670,18,3336,,,,
1415215714.54219,pg_catalog,pg_inherits,0,0,62,0,0,0,0,0,0,0,0,0,32,30,,,,
1415215714.54219,public,partsupp,5,32000000,48176,9716233,8000000,0,0,0,8000000,0,682527,2831428,37695,133569,,,,
1415215714.54219,public,lineitem,23,900148482,798827,14212997,60045669,0,0,0,60045527,0,15141959,9703246,338654,4315985,,,,
1415215714.54219,pg_toast,pg_toast_2606,0,0,0,0,0,0,0,0,0,0,0,0,0,0,,,,
1415215714.54219,pg_toast,pg_toast_2964,0,0,0,0,0,0,0,0,0,0,0,0,0,0,,,,
1415215714.54219,pg_catalog,pg_database,253,967,8539,8537,1,0,0,0,1,0,1,8790,36,13474,,,,
1415215714.54219,pg_toast,pg_toast_2620,0,0,0,0,0,0,0,0,0,0,0,0,0,0,,,,
1415215714.54219,information_schema,sql_sizing,0,0,,,0,0,0,0,0,0,0,0,,,0,0,0,0
1415215714.54219,pg_catalog,pg_amproc,34,68,9947,14815,0,0,0,0,0,0,32,9730,24,22269,,,,
1415215714.54219,pg_catalog,pg_collation,0,0,0,0,0,0,0,0,0,0,0,0,0,0,,,,
1415215714.54219,pg_catalog,pg_constraint,0,0,24,8,16,0,8,0,8,8,9,72,16,144,0,0,0,0
1415215714.54219,pg_catalog,pg_range,0,0,494,0,0,0,0,0,0,0,0,0,64,924,,,,
1415215714.54219,pg_toast,pg_toast_11600,0,0,0,0,0,0,0,0,0,0,0,0,0,0,,,,
1415215714.54219,pg_toast,pg_toast_11590,0,0,0,0,0,0,0,0,0,0,0,0,0,0,,,,
1415215714.54219,information_schema,sql_implementation_info,0,0,,,0,0,0,0,0,0,0,0,,,0,0,0,0
1415215714.54219,pg_catalog,pg_user_mapping,0,0,0,0,0,0,0,0,0,0,0,0,0,0,,,,
1415215714.54219,pg_catalog,pg_largeobject,0,0,0,0,0,0,0,0,0,0,0,0,0,0,,,,
1415215714.54219,pg_catalog,pg_namespace,244,2170,7870,5551,6,0,0,0,6,0,18,5793,167,10308,,,,
1415215714.54219,information_schema,sql_parts,0,0,,,0,0,0,0,0,0,0,0,,,0,0,0,0
1415215714.54219,pg_catalog,pg_authid,96,96,4665,4665,0,0,0,0,0,0,9,4752,36,9294,,,,
1415215714.54219,pg_catalog,pg_index,448,44559,22731,32805,73,0,45,0,138,45,106,25490,46,26575,,,,
1415215714.54219,pg_catalog,pg_ts_dict,0,0,0,0,0,0,0,0,0,0,0,0,0,0,,,,
1415215714.54219,pg_catalog,pg_class,1101,243892,64864,60783,145,35,107,35,326,111,214,69906,79,87931,,,,
1415215714.54219,pg_toast,pg_toast_2396,0,0,0,0,0,0,0,0,0,0,0,0,0,0,,,,
1415215714.54219,pg_catalog,pg_enum,0,0,0,0,0,0,0,0,0,0,0,0,0,0,,,,
1415215714.54219,pg_catalog,pg_db_role_setting,0,0,7464,0,0,0,0,0,0,0,0,0,9,7455,0,0,0,0
1415215714.54219,pg_catalog,pg_seclabel,0,0,273,0,0,0,0,0,0,0,0,0,28,245,0,0,0,0
1415215714.54219,pg_toast,pg_toast_2609,0,0,0,0,0,0,0,0,0,0,0,0,0,0,,,,
1415215714.54219,pg_toast,pg_toast_1255,0,0,0,0,0,0,0,0,0,0,0,0,0,0,,,,
1415215714.54219,pg_catalog,pg_rewrite,0,0,789,684,35,0,35,0,106,35,269,617,132,1214,182,400,61,445
1415215714.54219,pg_catalog,pg_ts_config,0,0,0,0,0,0,0,0,0,0,0,0,0,0,,,,
1415215714.54219,pg_catalog,pg_extension,0,0,0,0,0,0,0,0,0,0,0,0,0,0,,,,
1415215714.54219,public,part,12,18000000,61,2335635,2000000,0,0,0,2000000,0,173362,450083,6465,153,,,,
1415215714.54219,pg_catalog,pg_amop,0,0,19952,28781,0,0,0,0,0,0,33,28748,115,42579,,,,
1415215714.54219,pg_catalog,pg_cast,0,0,71184,17946,0,0,0,0,0,0,25,17921,16,73392,,,,
1415215714.54219,public,region,6456,32255,14,14,5,0,0,0,5,0,3,6464,6,13,,,,
1415215714.54219,pg_toast,pg_toast_2619,0,0,8596,28625,553,0,301,0,268,6,2252,11990,36,10213,,,,
1415215714.54219,pg_toast,pg_toast_11610,0,0,0,0,0,0,0,0,0,0,0,0,0,0,,,,
1415215714.54219,pg_toast,pg_toast_2604,0,0,0,0,0,0,0,0,0,0,0,0,0,0,,,,
1415215714.54219,public,orders,14,120060000,4688992,9250952,15015000,0,0,0,15015000,0,1092735,6928013,97582,14143136,,,,
1415215774.54879,pg_catalog,pg_auth_members,0,0,0,0,0,0,0,0,0,0,0,0,0,0,,,,
1415215774.54879,pg_catalog,pg_operator,0,0,16940,82681,0,0,0,0,0,0,177,58467,167,37135,,,,
1415215774.54879,pg_catalog,pg_aggregate,0,0,1153,1153,0,0,0,0,0,0,26,1127,69,1952,,,,
1415215774.54879,pg_catalog,pg_pltemplate,0,0,0,0,0,0,0,0,0,0,0,0,0,0,,,,
1415215774.54879,pg_toast,pg_toast_11615,0,0,0,0,0,0,0,0,0,0,0,0,0,0,,,,
1415215774.54879,pg_catalog,pg_description,0,0,277,0,0,0,0,0,0,0,0,0,91,526,0,0,0,0
1415215774.54879,pg_catalog,pg_language,0,0,0,0,0,0,0,0,0,0,0,0,0,0,,,,
1415215774.54879,public,supplier,12,600000,3299269,3383135,100000,0,0,0,100000,0,8749,3320211,786,6615815,,,,
1415215774.54879,pg_catalog,pg_ts_parser,0,0,0,0,0,0,0,0,0,0,0,0,0,0,,,,
1415215774.54879,pg_catalog,pg_shseclabel,0,0,0,0,0,0,0,0,0,0,0,0,0,0,,,,
1415215774.54879,pg_catalog,pg_foreign_table,0,0,0,0,0,0,0,0,0,0,0,0,0,0,,,,
1415215774.54879,public,customer,11,12000000,64,1172956,1500000,0,0,0,1500000,0,111305,573750,3598,148,,,,
1415215774.54879,pg_toast,pg_toast_11620,0,0,0,0,0,0,0,0,0,0,0,0,0,0,,,,
1415215774.54879,pg_catalog,pg_attrdef,0,0,0,0,0,0,0,0,0,0,0,0,0,0,0,0,0,0
1415215774.54879,pg_catalog,pg_ts_template,0,0,0,0,0,0,0,0,0,0,0,0,0,0,,,,
1415215774.54879,pg_catalog,pg_foreign_server,0,0,0,0,0,0,0,0,0,0,0,0,0,0,,,,
1415215774.54879,pg_catalog,pg_default_acl,0,0,292,0,0,0,0,0,0,0,0,0,28,264,,,,
1415215774.54879,pg_toast,pg_toast_11595,0,0,0,0,0,0,0,0,0,0,0,0,0,0,,,,
1415215774.54879,information_schema,sql_packages,0,0,,,0,0,0,0,0,0,0,0,,,0,0,0,0
1415215774.54879,pg_catalog,pg_attribute,242,1606,49966,109314,564,20,386,6,2425,421,783,56068,219,104616,,,,
1415215774.54879,public,time_statistics,18,205,,,21,18,0,18,21,18,2,55,,,,,,
1415215774.54879,pg_catalog,pg_statistic,0,0,12832,12048,146,293,83,96,512,30,802,12556,84,28005,2278,12016,36,10252
1415215774.54879,pg_toast,pg_toast_2618,0,0,338,1096,0,0,0,0,0,0,185,404,61,451,,,,
1415215774.54879,pg_toast,pg_toast_3596,0,0,0,0,0,0,0,0,0,0,0,0,0,0,,,,
1415215774.54879,information_schema,sql_features,0,0,,,0,0,0,0,0,0,0,0,,,0,0,0,0
1415215774.54879,pg_catalog,pg_depend,0,0,2916,3100,572,0,482,0,6294,483,380,3556,697,7726,,,,
1415215774.54879,pg_toast,pg_toast_11605,0,0,0,0,0,0,0,0,0,0,0,0,0,0,,,,
1415215774.54879,pg_catalog,pg_opclass,44,44,13568,146652,0,0,0,0,0,0,18,51903,69,16951,,,,
1415215774.54879,pg_catalog,pg_proc,0,0,21349,31569,0,0,0,0,0,0,1279,22569,463,47155,0,0,0,0
1415215774.54879,public,nation,16,200,3299258,3299258,25,0,0,0,25,0,4,3299264,8,3299265,,,,
1415215774.54879,pg_catalog,pg_trigger,0,0,0,0,0,0,0,0,0,0,0,0,0,0,0,0,0,0
1415215774.54879,information_schema,sql_languages,0,0,,,0,0,0,0,0,0,0,0,,,0,0,0,0
1415215774.54879,pg_catalog,pg_am,2487,2487,0,0,0,0,0,0,0,0,8,2479,0,0,,,,
1415215774.54879,pg_catalog,pg_largeobject_metadata,0,0,0,0,0,0,0,0,0,0,0,0,0,0,,,,
1415215774.54879,pg_catalog,pg_ts_config_map,0,0,0,0,0,0,0,0,0,0,0,0,0,0,,,,
1415215774.54879,pg_catalog,pg_type,0,0,51562,51044,144,0,125,0,349,4,156,51396,306,85013,,,,
1415215774.54879,information_schema,sql_sizing_profiles,0,0,,,0,0,0,0,0,0,0,0,,,0,0,0,0
1415215774.54879,pg_catalog,pg_shdepend,0,0,358,80,0,0,0,0,0,0,32,48,128,368,,,,
1415215774.54879,pg_catalog,pg_conversion,0,0,0,0,0,0,0,0,0,0,0,0,0,0,,,,
1415215774.54879,pg_catalog,pg_foreign_data_wrapper,0,0,0,0,0,0,0,0,0,0,0,0,0,0,,,,
1415215774.54879,pg_catalog,pg_opfamily,0,0,0,0,0,0,0,0,0,0,0,0,0,0,,,,
1415215774.54879,pg_catalog,pg_shdescription,0,0,0,0,0,0,0,0,0,0,0,0,0,0,0,0,0,0
1415215774.54879,pg_catalog,pg_tablespace,2,4,1687,1687,0,0,0,0,0,0,9,1680,18,3356,,,,
1415215774.54879,pg_catalog,pg_inherits,0,0,63,0,0,0,0,0,0,0,0,0,33,30,,,,
1415215774.54879,public,partsupp,5,32000000,56164,10354641,8000000,0,0,0,8000000,0,827210,3325153,42263,154846,,,,
1415215774.54879,public,lineitem,23,900148482,798832,56674939,60045669,0,0,0,60045527,0,16745571,10565968,448626,4322132,,,,
1415215774.54879,pg_toast,pg_toast_2606,0,0,0,0,0,0,0,0,0,0,0,0,0,0,,,,
1415215774.54879,pg_toast,pg_toast_2964,0,0,0,0,0,0,0,0,0,0,0,0,0,0,,,,
1415215774.54879,pg_catalog,pg_database,256,979,8595,8593,1,0,0,0,1,0,1,8849,36,13562,,,,
1415215774.54879,pg_toast,pg_toast_2620,0,0,0,0,0,0,0,0,0,0,0,0,0,0,,,,
1415215774.54879,information_schema,sql_sizing,0,0,,,0,0,0,0,0,0,0,0,,,0,0,0,0
1415215774.54879,pg_catalog,pg_amproc,44,88,10019,14913,0,0,0,0,0,0,34,9826,24,22428,,,,
1415215774.54879,pg_catalog,pg_collation,0,0,0,0,0,0,0,0,0,0,0,0,0,0,,,,
1415215774.54879,pg_catalog,pg_constraint,0,0,24,8,16,0,8,0,8,8,9,72,16,144,0,0,0,0
1415215774.54879,pg_catalog,pg_range,0,0,497,0,0,0,0,0,0,0,0,0,64,930,,,,
1415215774.54879,pg_toast,pg_toast_11600,0,0,0,0,0,0,0,0,0,0,0,0,0,0,,,,
1415215774.54879,pg_toast,pg_toast_11590,0,0,0,0,0,0,0,0,0,0,0,0,0,0,,,,
1415215774.54879,information_schema,sql_implementation_info,0,0,,,0,0,0,0,0,0,0,0,,,0,0,0,0
1415215774.54879,pg_catalog,pg_user_mapping,0,0,0,0,0,0,0,0,0,0,0,0,0,0,,,,
1415215774.54879,pg_catalog,pg_largeobject,0,0,0,0,0,0,0,0,0,0,0,0,0,0,,,,
1415215774.54879,pg_catalog,pg_namespace,247,2206,7911,5579,6,0,0,0,6,0,18,5824,169,10363,,,,
1415215774.54879,information_schema,sql_parts,0,0,,,0,0,0,0,0,0,0,0,,,0,0,0,0
1415215774.54879,pg_catalog,pg_authid,97,97,4694,4694,0,0,0,0,0,0,9,4782,36,9352,,,,
1415215774.54879,pg_catalog,pg_index,487,45146,23060,33171,73,0,45,0,138,45,106,25900,46,26927,,,,
1415215774.54879,pg_catalog,pg_ts_dict,0,0,0,0,0,0,0,0,0,0,0,0,0,0,,,,
1415215774.54879,pg_catalog,pg_class,1166,246638,65705,61608,146,36,108,36,326,0,218,71043,79,89653,,,,
1415215774.54879,pg_toast,pg_toast_2396,0,0,0,0,0,0,0,0,0,0,0,0,0,0,,,,
1415215774.54879,pg_catalog,pg_enum,0,0,0,0,0,0,0,0,0,0,0,0,0,0,,,,
1415215774.54879,pg_catalog,pg_db_role_setting,0,0,7512,0,0,0,0,0,0,0,0,0,9,7503,0,0,0,0
1415215774.54879,pg_catalog,pg_seclabel,0,0,277,0,0,0,0,0,0,0,0,0,29,248,0,0,0,0
1415215774.54879,pg_toast,pg_toast_2609,0,0,0,0,0,0,0,0,0,0,0,0,0,0,,,,
1415215774.54879,pg_toast,pg_toast_1255,0,0,0,0,0,0,0,0,0,0,0,0,0,0,,,,
1415215774.54879,pg_catalog,pg_rewrite,0,0,801,693,36,0,36,0,106,36,273,626,134,1232,185,404,61,451
1415215774.54879,pg_catalog,pg_ts_config,0,0,0,0,0,0,0,0,0,0,0,0,0,0,,,,
1415215774.54879,pg_catalog,pg_extension,0,0,0,0,0,0,0,0,0,0,0,0,0,0,,,,
1415215774.54879,public,part,12,18000000,61,2335635,2000000,0,0,0,2000000,0,173362,450083,6465,153,,,,
1415215774.54879,pg_catalog,pg_amop,0,0,20054,28915,0,0,0,0,0,0,33,28882,117,42798,,,,
1415215774.54879,pg_catalog,pg_cast,0,0,71694,18046,0,0,0,0,0,0,25,18021,16,73916,,,,
1415215774.54879,public,region,6456,32255,14,14,5,0,0,0,5,0,3,6464,6,13,,,,
1415215774.54879,pg_toast,pg_toast_2619,0,0,8627,28726,555,0,303,0,268,8,2278,12016,36,10252,,,,
1415215774.54879,pg_toast,pg_toast_11610,0,0,0,0,0,0,0,0,0,0,0,0,0,0,,,,
1415215774.54879,pg_toast,pg_toast_2604,0,0,0,0,0,0,0,0,0,0,0,0,0,0,,,,
1415215774.54879,public,orders,14,120060000,4688995,9825798,15015000,0,0,0,15015000,0,1119599,7129448,99155,14143143,,,,
1415215834.54557,pg_catalog,pg_auth_members,0,0,0,0,0,0,0,0,0,0,0,0,0,0,,,,
1415215834.54557,pg_catalog,pg_operator,0,0,17027,83212,0,0,0,0,0,0,177,58834,168,37327,,,,
1415215834.54557,pg_catalog,pg_aggregate,0,0,1160,1160,0,0,0,0,0,0,26,1134,69,1963,,,,
1415215834.54557,pg_catalog,pg_pltemplate,0,0,0,0,0,0,0,0,0,0,0,0,0,0,,,,
1415215834.54557,pg_toast,pg_toast_11615,0,0,0,0,0,0,0,0,0,0,0,0,0,0,,,,
1415215834.54557,pg_catalog,pg_description,0,0,277,0,0,0,0,0,0,0,0,0,91,526,0,0,0,0
1415215834.54557,pg_catalog,pg_language,0,0,0,0,0,0,0,0,0,0,0,0,0,0,,,,
1415215834.54557,public,supplier,12,600000,3299269,3383135,100000,0,0,0,100000,0,8749,3320211,786,6615815,,,,
1415215834.54557,pg_catalog,pg_ts_parser,0,0,0,0,0,0,0,0,0,0,0,0,0,0,,,,
1415215834.54557,pg_catalog,pg_shseclabel,0,0,0,0,0,0,0,0,0,0,0,0,0,0,,,,
1415215834.54557,pg_catalog,pg_foreign_table,0,0,0,0,0,0,0,0,0,0,0,0,0,0,,,,
1415215834.54557,public,customer,12,13500000,68,1172960,1500000,0,0,0,1500000,0,146583,573754,3604,155,,,,
1415215834.54557,pg_toast,pg_toast_11620,0,0,0,0,0,0,0,0,0,0,0,0,0,0,,,,
1415215834.54557,pg_catalog,pg_attrdef,0,0,0,0,0,0,0,0,0,0,0,0,0,0,0,0,0,0
1415215834.54557,pg_catalog,pg_ts_template,0,0,0,0,0,0,0,0,0,0,0,0,0,0,,,,
1415215834.54557,pg_catalog,pg_foreign_server,0,0,0,0,0,0,0,0,0,0,0,0,0,0,,,,
1415215834.54557,pg_catalog,pg_default_acl,0,0,292,0,0,0,0,0,0,0,0,0,28,264,,,,
1415215834.54557,pg_toast,pg_toast_11595,0,0,0,0,0,0,0,0,0,0,0,0,0,0,,,,
1415215834.54557,information_schema,sql_packages,0,0,,,0,0,0,0,0,0,0,0,,,0,0,0,0
1415215834.54557,pg_catalog,pg_attribute,242,1606,50255,109856,564,20,386,6,2425,421,783,56364,219,105209,,,,
1415215834.54557,public,time_statistics,21,271,,,24,21,0,21,24,21,2,64,,,,,,
1415215834.54557,pg_catalog,pg_statistic,0,0,12898,12101,146,293,83,96,512,30,805,12606,84,28147,2296,12044,36,10287
1415215834.54557,pg_toast,pg_toast_2618,0,0,342,1109,0,0,0,0,0,0,185,411,61,457,,,,
1415215834.54557,pg_toast,pg_toast_3596,0,0,0,0,0,0,0,0,0,0,0,0,0,0,,,,
1415215834.54557,information_schema,sql_features,0,0,,,0,0,0,0,0,0,0,0,,,0,0,0,0
1415215834.54557,pg_catalog,pg_depend,0,0,2916,3100,572,0,482,0,6294,483,380,3556,697,7726,,,,
1415215834.54557,pg_toast,pg_toast_11605,0,0,0,0,0,0,0,0,0,0,0,0,0,0,,,,
1415215834.54557,pg_catalog,pg_opclass,44,44,13631,147367,0,0,0,0,0,0,18,52151,69,17035,,,,
1415215834.54557,pg_catalog,pg_proc,0,0,21495,31771,0,0,0,0,0,0,1284,22725,465,47475,0,0,0,0
1415215834.54557,public,nation,17,225,3299260,3299260,25,0,0,0,25,0,4,3299267,8,3299268,,,,
1415215834.54557,pg_catalog,pg_trigger,0,0,0,0,0,0,0,0,0,0,0,0,0,0,0,0,0,0
1415215834.54557,information_schema,sql_languages,0,0,,,0,0,0,0,0,0,0,0,,,0,0,0,0
1415215834.54557,pg_catalog,pg_am,2502,2502,0,0,0,0,0,0,0,0,8,2494,0,0,,,,
1415215834.54557,pg_catalog,pg_largeobject_metadata,0,0,0,0,0,0,0,0,0,0,0,0,0,0,,,,
1415215834.54557,pg_catalog,pg_ts_config_map,0,0,0,0,0,0,0,0,0,0,0,0,0,0,,,,
1415215834.54557,pg_catalog,pg_type,0,0,51873,51355,144,0,125,0,349,4,156,51707,306,85650,,,,
1415215834.54557,information_schema,sql_sizing_profiles,0,0,,,0,0,0,0,0,0,0,0,,,0,0,0,0
1415215834.54557,pg_catalog,pg_shdepend,0,0,358,80,0,0,0,0,0,0,32,48,128,368,,,,
1415215834.54557,pg_catalog,pg_conversion,0,0,0,0,0,0,0,0,0,0,0,0,0,0,,,,
1415215834.54557,pg_catalog,pg_foreign_data_wrapper,0,0,0,0,0,0,0,0,0,0,0,0,0,0,,,,
1415215834.54557,pg_catalog,pg_opfamily,0,0,0,0,0,0,0,0,0,0,0,0,0,0,,,,
1415215834.54557,pg_catalog,pg_shdescription,0,0,0,0,0,0,0,0,0,0,0,0,0,0,0,0,0,0
1415215834.54557,pg_catalog,pg_tablespace,2,4,1697,1697,0,0,0,0,0,0,9,1690,18,3376,,,,
1415215834.54557,pg_catalog,pg_inherits,0,0,63,0,0,0,0,0,0,0,0,0,33,30,,,,
1415215834.54557,public,partsupp,5,32000000,56164,10354641,8000000,0,0,0,8000000,0,827210,3325153,42263,154846,,,,
1415215834.54557,public,lineitem,24,960194151,819527,71542133,60045669,0,0,0,60045527,0,17988993,11536434,502755,4394499,,,,
1415215834.54557,pg_toast,pg_toast_2606,0,0,0,0,0,0,0,0,0,0,0,0,0,0,,,,
1415215834.54557,pg_toast,pg_toast_2964,0,0,0,0,0,0,0,0,0,0,0,0,0,0,,,,
1415215834.54557,pg_catalog,pg_database,259,991,8645,8643,1,0,0,0,1,0,1,8902,36,13644,,,,
1415215834.54557,pg_toast,pg_toast_2620,0,0,0,0,0,0,0,0,0,0,0,0,0,0,,,,
1415215834.54557,information_schema,sql_sizing,0,0,,,0,0,0,0,0,0,0,0,,,0,0,0,0
1415215834.54557,pg_catalog,pg_amproc,44,88,10065,14982,0,0,0,0,0,0,34,9871,24,22535,,,,
1415215834.54557,pg_catalog,pg_collation,0,0,0,0,0,0,0,0,0,0,0,0,0,0,,,,
1415215834.54557,pg_catalog,pg_constraint,0,0,24,8,16,0,8,0,8,8,9,72,16,144,0,0,0,0
1415215834.54557,pg_catalog,pg_range,0,0,500,0,0,0,0,0,0,0,0,0,66,934,,,,
1415215834.54557,pg_toast,pg_toast_11600,0,0,0,0,0,0,0,0,0,0,0,0,0,0,,,,
1415215834.54557,pg_toast,pg_toast_11590,0,0,0,0,0,0,0,0,0,0,0,0,0,0,,,,
1415215834.54557,information_schema,sql_implementation_info,0,0,,,0,0,0,0,0,0,0,0,,,0,0,0,0
1415215834.54557,pg_catalog,pg_user_mapping,0,0,0,0,0,0,0,0,0,0,0,0,0,0,,,,
1415215834.54557,pg_catalog,pg_largeobject,0,0,0,0,0,0,0,0,0,0,0,0,0,0,,,,
1415215834.54557,pg_catalog,pg_namespace,250,2242,7949,5604,6,0,0,0,6,0,18,5852,169,10414,,,,
1415215834.54557,information_schema,sql_parts,0,0,,,0,0,0,0,0,0,0,0,,,0,0,0,0
1415215834.54557,pg_catalog,pg_authid,97,97,4722,4722,0,0,0,0,0,0,9,4810,36,9408,,,,
1415215834.54557,pg_catalog,pg_index,491,45698,23151,33301,73,0,45,0,138,45,106,26018,46,27040,,,,
1415215834.54557,pg_catalog,pg_ts_dict,0,0,0,0,0,0,0,0,0,0,0,0,0,0,,,,
1415215834.54557,pg_catalog,pg_class,1177,249655,66153,62043,146,36,108,36,326,0,218,71578,79,90578,,,,
1415215834.54557,pg_toast,pg_toast_2396,0,0,0,0,0,0,0,0,0,0,0,0,0,0,,,,
1415215834.54557,pg_catalog,pg_enum,0,0,0,0,0,0,0,0,0,0,0,0,0,0,,,,
1415215834.54557,pg_catalog,pg_db_role_setting,0,0,7560,0,0,0,0,0,0,0,0,0,9,7551,0,0,0,0
1415215834.54557,pg_catalog,pg_seclabel,0,0,277,0,0,0,0,0,0,0,0,0,29,248,0,0,0,0
1415215834.54557,pg_toast,pg_toast_2609,0,0,0,0,0,0,0,0,0,0,0,0,0,0,,,,
1415215834.54557,pg_toast,pg_toast_1255,0,0,0,0,0,0,0,0,0,0,0,0,0,0,,,,
1415215834.54557,pg_catalog,pg_rewrite,0,0,807,699,36,0,36,0,106,36,273,632,134,1242,185,411,61,457
1415215834.54557,pg_catalog,pg_ts_config,0,0,0,0,0,0,0,0,0,0,0,0,0,0,,,,
1415215834.54557,pg_catalog,pg_extension,0,0,0,0,0,0,0,0,0,0,0,0,0,0,,,,
1415215834.54557,public,part,12,18000000,77,2345982,2000000,0,0,0,2000000,0,182486,450083,7739,713,,,,
1415215834.54557,pg_catalog,pg_amop,0,0,20152,29057,0,0,0,0,0,0,33,29024,117,43009,,,,
1415215834.54557,pg_catalog,pg_cast,0,0,72083,18135,0,0,0,0,0,0,25,18110,16,74318,,,,
1415215834.54557,public,region,6456,32255,14,14,5,0,0,0,5,0,3,6464,6,13,,,,
1415215834.54557,pg_toast,pg_toast_2619,0,0,8656,28836,555,0,303,0,268,8,2296,12044,36,10287,,,,
1415215834.54557,pg_toast,pg_toast_11610,0,0,0,0,0,0,0,0,0,0,0,0,0,0,,,,
1415215834.54557,pg_toast,pg_toast_2604,0,0,0,0,0,0,0,0,0,0,0,0,0,0,,,,
1415215834.54557,public,orders,14,120060000,4688998,10400035,15015000,0,0,0,15015000,0,1307069,7170203,100733,14143144,,,,
1415215894.56551,pg_catalog,pg_auth_members,0,0,0,0,0,0,0,0,0,0,0,0,0,0,,,,
1415215894.56551,pg_catalog,pg_operator,0,0,17071,83354,0,0,0,0,0,0,177,58938,169,37429,,,,
1415215894.56551,pg_catalog,pg_aggregate,0,0,1162,1162,0,0,0,0,0,0,26,1136,69,1967,,,,
1415215894.56551,pg_catalog,pg_pltemplate,0,0,0,0,0,0,0,0,0,0,0,0,0,0,,,,
1415215894.56551,pg_toast,pg_toast_11615,0,0,0,0,0,0,0,0,0,0,0,0,0,0,,,,
1415215894.56551,pg_catalog,pg_description,0,0,277,0,0,0,0,0,0,0,0,0,91,526,0,0,0,0
1415215894.56551,pg_catalog,pg_language,0,0,0,0,0,0,0,0,0,0,0,0,0,0,,,,
1415215894.56551,public,supplier,13,700000,3299273,3383139,100000,0,0,0,100000,0,10883,3320260,788,6615822,,,,
1415215894.56551,pg_catalog,pg_ts_parser,0,0,0,0,0,0,0,0,0,0,0,0,0,0,,,,
1415215894.56551,pg_catalog,pg_shseclabel,0,0,0,0,0,0,0,0,0,0,0,0,0,0,,,,
1415215894.56551,pg_catalog,pg_foreign_table,0,0,0,0,0,0,0,0,0,0,0,0,0,0,,,,
1415215894.56551,public,customer,12,13500000,77,1473234,1500000,0,0,0,1500000,0,181858,683883,4440,168,,,,
1415215894.56551,pg_toast,pg_toast_11620,0,0,0,0,0,0,0,0,0,0,0,0,0,0,,,,
1415215894.56551,pg_catalog,pg_attrdef,0,0,0,0,0,0,0,0,0,0,0,0,0,0,0,0,0,0
1415215894.56551,pg_catalog,pg_ts_template,0,0,0,0,0,0,0,0,0,0,0,0,0,0,,,,
1415215894.56551,pg_catalog,pg_foreign_server,0,0,0,0,0,0,0,0,0,0,0,0,0,0,,,,
1415215894.56551,pg_catalog,pg_default_acl,0,0,292,0,0,0,0,0,0,0,0,0,28,264,,,,
1415215894.56551,pg_toast,pg_toast_11595,0,0,0,0,0,0,0,0,0,0,0,0,0,0,,,,
1415215894.56551,information_schema,sql_packages,0,0,,,0,0,0,0,0,0,0,0,,,0,0,0,0
1415215894.56551,pg_catalog,pg_attribute,242,1606,50527,110352,564,20,386,6,2425,421,783,56642,219,105762,,,,
1415215894.56551,public,time_statistics,22,295,,,25,22,0,22,25,22,2,67,,,,,,
1415215894.56551,pg_catalog,pg_statistic,0,0,12950,12142,146,293,83,96,512,30,806,12646,84,28260,2302,12059,36,10309
1415215894.56551,pg_toast,pg_toast_2618,0,0,346,1122,0,0,0,0,0,0,188,415,61,463,,,,
1415215894.56551,pg_toast,pg_toast_3596,0,0,0,0,0,0,0,0,0,0,0,0,0,0,,,,
1415215894.56551,information_schema,sql_features,0,0,,,0,0,0,0,0,0,0,0,,,0,0,0,0
1415215894.56551,pg_catalog,pg_depend,0,0,2916,3100,572,0,482,0,6294,483,380,3556,697,7726,,,,
1415215894.56551,pg_toast,pg_toast_11605,0,0,0,0,0,0,0,0,0,0,0,0,0,0,,,,
1415215894.56551,pg_catalog,pg_opclass,44,44,13669,147789,0,0,0,0,0,0,18,52297,69,17087,,,,
1415215894.56551,pg_catalog,pg_proc,0,0,21608,31940,0,0,0,0,0,0,1289,22855,465,47728,0,0,0,0
1415215894.56551,public,nation,17,225,3299269,3299293,25,0,0,0,25,0,4,3299276,9,3299277,,,,
1415215894.56551,pg_catalog,pg_trigger,0,0,0,0,0,0,0,0,0,0,0,0,0,0,0,0,0,0
1415215894.56551,information_schema,sql_languages,0,0,,,0,0,0,0,0,0,0,0,,,0,0,0,0
1415215894.56551,pg_catalog,pg_am,2511,2511,0,0,0,0,0,0,0,0,8,2503,0,0,,,,
1415215894.56551,pg_catalog,pg_largeobject_metadata,0,0,0,0,0,0,0,0,0,0,0,0,0,0,,,,
1415215894.56551,pg_catalog,pg_ts_config_map,0,0,0,0,0,0,0,0,0,0,0,0,0,0,,,,
1415215894.56551,pg_catalog,pg_type,0,0,52071,51553,144,0,125,0,349,4,156,51905,307,86056,,,,
1415215894.56551,information_schema,sql_sizing_profiles,0,0,,,0,0,0,0,0,0,0,0,,,0,0,0,0
1415215894.56551,pg_catalog,pg_shdepend,0,0,358,80,0,0,0,0,0,0,32,48,128,368,,,,
1415215894.56551,pg_catalog,pg_conversion,0,0,0,0,0,0,0,0,0,0,0,0,0,0,,,,
1415215894.56551,pg_catalog,pg_foreign_data_wrapper,0,0,0,0,0,0,0,0,0,0,0,0,0,0,,,,
1415215894.56551,pg_catalog,pg_opfamily,0,0,0,0,0,0,0,0,0,0,0,0,0,0,,,,
1415215894.56551,pg_catalog,pg_shdescription,0,0,0,0,0,0,0,0,0,0,0,0,0,0,0,0,0,0
1415215894.56551,pg_catalog,pg_tablespace,2,4,1706,1706,0,0,0,0,0,0,9,1699,18,3394,,,,
1415215894.56551,pg_catalog,pg_inherits,0,0,63,0,0,0,0,0,0,0,0,0,33,30,,,,
1415215894.56551,public,partsupp,5,32000000,56164,10354641,8000000,0,0,0,8000000,0,827210,3325153,42263,154846,,,,
1415215894.56551,public,lineitem,25,1020239820,819531,71542137,60045669,0,0,0,60045527,0,18405704,12186202,502763,4394508,,,,
1415215894.56551,pg_toast,pg_toast_2606,0,0,0,0,0,0,0,0,0,0,0,0,0,0,,,,
1415215894.56551,pg_toast,pg_toast_2964,0,0,0,0,0,0,0,0,0,0,0,0,0,0,,,,
1415215894.56551,pg_catalog,pg_database,262,1003,8686,8684,1,0,0,0,1,0,1,8946,36,13705,,,,
1415215894.56551,pg_toast,pg_toast_2620,0,0,0,0,0,0,0,0,0,0,0,0,0,0,,,,
1415215894.56551,information_schema,sql_sizing,0,0,,,0,0,0,0,0,0,0,0,,,0,0,0,0
1415215894.56551,pg_catalog,pg_amproc,44,88,10098,15031,0,0,0,0,0,0,34,9904,24,22610,,,,
1415215894.56551,pg_catalog,pg_collation,0,0,0,0,0,0,0,0,0,0,0,0,0,0,,,,
1415215894.56551,pg_catalog,pg_constraint,0,0,24,8,16,0,8,0,8,8,9,72,16,144,0,0,0,0
1415215894.56551,pg_catalog,pg_range,0,0,501,0,0,0,0,0,0,0,0,0,66,936,,,,
1415215894.56551,pg_toast,pg_toast_11600,0,0,0,0,0,0,0,0,0,0,0,0,0,0,,,,
1415215894.56551,pg_toast,pg_toast_11590,0,0,0,0,0,0,0,0,0,0,0,0,0,0,,,,
1415215894.56551,information_schema,sql_implementation_info,0,0,,,0,0,0,0,0,0,0,0,,,0,0,0,0
1415215894.56551,pg_catalog,pg_user_mapping,0,0,0,0,0,0,0,0,0,0,0,0,0,0,,,,
1415215894.56551,pg_catalog,pg_largeobject,0,0,0,0,0,0,0,0,0,0,0,0,0,0,,,,
1415215894.56551,pg_catalog,pg_namespace,253,2278,7979,5624,6,0,0,0,6,0,18,5875,169,10454,,,,
1415215894.56551,information_schema,sql_parts,0,0,,,0,0,0,0,0,0,0,0,,,0,0,0,0
1415215894.56551,pg_catalog,pg_authid,99,99,4738,4738,0,0,0,0,0,0,9,4828,36,9440,,,,
1415215894.56551,pg_catalog,pg_index,495,46250,23223,33401,73,0,45,0,138,45,106,26115,46,27129,,,,
1415215894.56551,pg_catalog,pg_ts_dict,0,0,0,0,0,0,0,0,0,0,0,0,0,0,,,,
1415215894.56551,pg_catalog,pg_class,1189,252998,66567,62449,146,36,108,36,326,0,219,72092,79,91426,,,,
1415215894.56551,pg_toast,pg_toast_2396,0,0,0,0,0,0,0,0,0,0,0,0,0,0,,,,
1415215894.56551,pg_catalog,pg_enum,0,0,0,0,0,0,0,0,0,0,0,0,0,0,,,,
1415215894.56551,pg_catalog,pg_db_role_setting,0,0,7590,0,0,0,0,0,0,0,0,0,9,7581,0,0,0,0
1415215894.56551,pg_catalog,pg_seclabel,0,0,277,0,0,0,0,0,0,0,0,0,29,248,0,0,0,0
1415215894.56551,pg_toast,pg_toast_2609,0,0,0,0,0,0,0,0,0,0,0,0,0,0,,,,
1415215894.56551,pg_toast,pg_toast_1255,0,0,0,0,0,0,0,0,0,0,0,0,0,0,,,,
1415215894.56551,pg_catalog,pg_rewrite,0,0,816,708,36,0,36,0,106,36,276,638,134,1258,188,415,61,463
1415215894.56551,pg_catalog,pg_ts_config,0,0,0,0,0,0,0,0,0,0,0,0,0,0,,,,
1415215894.56551,pg_catalog,pg_extension,0,0,0,0,0,0,0,0,0,0,0,0,0,0,,,,
1415215894.56551,public,part,12,18000000,77,2345982,2000000,0,0,0,2000000,0,182486,450083,7739,713,,,,
1415215894.56551,pg_catalog,pg_amop,0,0,20226,29157,0,0,0,0,0,0,33,29124,118,43171,,,,
1415215894.56551,pg_catalog,pg_cast,0,0,72272,18194,0,0,0,0,0,0,25,18169,16,74517,,,,
1415215894.56551,public,region,6457,32260,16,16,5,0,0,0,5,0,4,6466,8,14,,,,
1415215894.56551,pg_toast,pg_toast_2619,0,0,8673,28883,555,0,303,0,268,8,2302,12059,36,10309,,,,
1415215894.56551,pg_toast,pg_toast_11610,0,0,0,0,0,0,0,0,0,0,0,0,0,0,,,,
1415215894.56551,pg_toast,pg_toast_2604,0,0,0,0,0,0,0,0,0,0,0,0,0,0,,,,
1415215894.56551,public,orders,14,120060000,4689003,12678284,15015000,0,0,0,15015000,0,1560568,7170209,106961,14143151,,,,
1415215954.55487,pg_catalog,pg_auth_members,0,0,0,0,0,0,0,0,0,0,0,0,0,0,,,,
1415215954.55487,pg_catalog,pg_operator,0,0,17126,83565,0,0,0,0,0,0,177,59089,170,37551,,,,
1415215954.55487,pg_catalog,pg_aggregate,0,0,1165,1165,0,0,0,0,0,0,26,1139,69,1973,,,,
1415215954.55487,pg_catalog,pg_pltemplate,0,0,0,0,0,0,0,0,0,0,0,0,0,0,,,,
1415215954.55487,pg_toast,pg_toast_11615,0,0,0,0,0,0,0,0,0,0,0,0,0,0,,,,
1415215954.55487,pg_catalog,pg_description,0,0,277,0,0,0,0,0,0,0,0,0,91,526,0,0,0,0
1415215954.55487,pg_catalog,pg_language,0,0,0,0,0,0,0,0,0,0,0,0,0,0,,,,
1415215954.55487,public,supplier,14,800000,3299277,3383143,100000,0,0,0,100000,0,10883,3322443,788,6615831,,,,
1415215954.55487,pg_catalog,pg_ts_parser,0,0,0,0,0,0,0,0,0,0,0,0,0,0,,,,
1415215954.55487,pg_catalog,pg_shseclabel,0,0,0,0,0,0,0,0,0,0,0,0,0,0,,,,
1415215954.55487,pg_catalog,pg_foreign_table,0,0,0,0,0,0,0,0,0,0,0,0,0,0,,,,
1415215954.55487,public,customer,12,13500000,83,1593153,1500000,0,0,0,1500000,0,181859,742142,4771,185,,,,
1415215954.55487,pg_toast,pg_toast_11620,0,0,0,0,0,0,0,0,0,0,0,0,0,0,,,,
1415215954.55487,pg_catalog,pg_attrdef,0,0,0,0,0,0,0,0,0,0,0,0,0,0,0,0,0,0
1415215954.55487,pg_catalog,pg_ts_template,0,0,0,0,0,0,0,0,0,0,0,0,0,0,,,,
1415215954.55487,pg_catalog,pg_foreign_server,0,0,0,0,0,0,0,0,0,0,0,0,0,0,,,,
1415215954.55487,pg_catalog,pg_default_acl,0,0,292,0,0,0,0,0,0,0,0,0,28,264,,,,
1415215954.55487,pg_toast,pg_toast_11595,0,0,0,0,0,0,0,0,0,0,0,0,0,0,,,,
1415215954.55487,information_schema,sql_packages,0,0,,,0,0,0,0,0,0,0,0,,,0,0,0,0
1415215954.55487,pg_catalog,pg_attribute,242,1606,50764,110779,564,20,386,6,2425,421,783,56886,219,106243,,,,
1415215954.55487,public,time_statistics,24,346,,,27,24,0,24,27,24,2,73,,,,,,
1415215954.55487,pg_catalog,pg_statistic,0,0,12999,12181,146,293,83,96,512,30,806,12685,84,28365,2305,12086,36,10337
1415215954.55487,pg_toast,pg_toast_2618,0,0,350,1135,0,0,0,0,0,0,188,422,61,469,,,,
1415215954.55487,pg_toast,pg_toast_3596,0,0,0,0,0,0,0,0,0,0,0,0,0,0,,,,
1415215954.55487,information_schema,sql_features,0,0,,,0,0,0,0,0,0,0,0,,,0,0,0,0
1415215954.55487,pg_catalog,pg_depend,0,0,2916,3100,572,0,482,0,6294,483,380,3556,697,7726,,,,
1415215954.55487,pg_toast,pg_toast_11605,0,0,0,0,0,0,0,0,0,0,0,0,0,0,,,,
1415215954.55487,pg_catalog,pg_opclass,44,44,13703,148131,0,0,0,0,0,0,18,52416,69,17132,,,,
1415215954.55487,pg_catalog,pg_proc,0,0,21718,32092,0,0,0,0,0,0,1292,22976,465,47970,0,0,0,0
1415215954.55487,public,nation,18,250,3299278,3299326,25,0,0,0,25,0,4,3299286,9,3299287,,,,
1415215954.55487,pg_catalog,pg_trigger,0,0,0,0,0,0,0,0,0,0,0,0,0,0,0,0,0,0
1415215954.55487,information_schema,sql_languages,0,0,,,0,0,0,0,0,0,0,0,,,0,0,0,0
1415215954.55487,pg_catalog,pg_am,2518,2518,0,0,0,0,0,0,0,0,8,2510,0,0,,,,
1415215954.55487,pg_catalog,pg_largeobject_metadata,0,0,0,0,0,0,0,0,0,0,0,0,0,0,,,,
1415215954.55487,pg_catalog,pg_ts_config_map,0,0,0,0,0,0,0,0,0,0,0,0,0,0,,,,
1415215954.55487,pg_catalog,pg_type,0,0,52261,51743,144,0,125,0,349,4,156,52095,309,86445,,,,
1415215954.55487,information_schema,sql_sizing_profiles,0,0,,,0,0,0,0,0,0,0,0,,,0,0,0,0
1415215954.55487,pg_catalog,pg_shdepend,0,0,358,80,0,0,0,0,0,0,32,48,128,368,,,,
1415215954.55487,pg_catalog,pg_conversion,0,0,0,0,0,0,0,0,0,0,0,0,0,0,,,,
1415215954.55487,pg_catalog,pg_foreign_data_wrapper,0,0,0,0,0,0,0,0,0,0,0,0,0,0,,,,
1415215954.55487,pg_catalog,pg_opfamily,0,0,0,0,0,0,0,0,0,0,0,0,0,0,,,,
1415215954.55487,pg_catalog,pg_shdescription,0,0,0,0,0,0,0,0,0,0,0,0,0,0,0,0,0,0
1415215954.55487,pg_catalog,pg_tablespace,2,4,1713,1713,0,0,0,0,0,0,9,1706,18,3408,,,,
1415215954.55487,pg_catalog,pg_inherits,0,0,63,0,0,0,0,0,0,0,0,0,33,30,,,,
1415215954.55487,public,partsupp,5,32000000,56164,10354641,8000000,0,0,0,8000000,0,827210,3325153,42263,154846,,,,
1415215954.55487,public,lineitem,25,1020239820,819539,96987796,60045669,0,0,0,60045527,0,20509708,12226376,572264,4394533,,,,
1415215954.55487,pg_toast,pg_toast_2606,0,0,0,0,0,0,0,0,0,0,0,0,0,0,,,,
1415215954.55487,pg_toast,pg_toast_2964,0,0,0,0,0,0,0,0,0,0,0,0,0,0,,,,
1415215954.55487,pg_catalog,pg_database,264,1011,8708,8706,1,0,0,0,1,0,1,8970,36,13741,,,,
1415215954.55487,pg_toast,pg_toast_2620,0,0,0,0,0,0,0,0,0,0,0,0,0,0,,,,
1415215954.55487,information_schema,sql_sizing,0,0,,,0,0,0,0,0,0,0,0,,,0,0,0,0
1415215954.55487,pg_catalog,pg_amproc,44,88,10129,15075,0,0,0,0,0,0,34,9933,24,22679,,,,
1415215954.55487,pg_catalog,pg_collation,0,0,0,0,0,0,0,0,0,0,0,0,0,0,,,,
1415215954.55487,pg_catalog,pg_constraint,0,0,24,8,16,0,8,0,8,8,9,72,16,144,0,0,0,0
1415215954.55487,pg_catalog,pg_range,0,0,503,0,0,0,0,0,0,0,0,0,68,938,,,,
1415215954.55487,pg_toast,pg_toast_11600,0,0,0,0,0,0,0,0,0,0,0,0,0,0,,,,
1415215954.55487,pg_toast,pg_toast_11590,0,0,0,0,0,0,0,0,0,0,0,0,0,0,,,,
1415215954.55487,information_schema,sql_implementation_info,0,0,,,0,0,0,0,0,0,0,0,,,0,0,0,0
1415215954.55487,pg_catalog,pg_user_mapping,0,0,0,0,0,0,0,0,0,0,0,0,0,0,,,,
1415215954.55487,pg_catalog,pg_largeobject,0,0,0,0,0,0,0,0,0,0,0,0,0,0,,,,
1415215954.55487,pg_catalog,pg_namespace,256,2314,8006,5642,6,0,0,0,6,0,18,5896,169,10490,,,,
1415215954.55487,information_schema,sql_parts,0,0,,,0,0,0,0,0,0,0,0,,,0,0,0,0
1415215954.55487,pg_catalog,pg_authid,99,99,4750,4750,0,0,0,0,0,0,9,4840,36,9464,,,,
1415215954.55487,pg_catalog,pg_index,499,46802,23294,33503,73,0,45,0,138,45,106,26212,46,27212,,,,
1415215954.55487,pg_catalog,pg_ts_dict,0,0,0,0,0,0,0,0,0,0,0,0,0,0,,,,
1415215954.55487,pg_catalog,pg_class,1199,255689,66975,62846,146,36,108,36,326,0,219,72580,79,92259,,,,
1415215954.55487,pg_toast,pg_toast_2396,0,0,0,0,0,0,0,0,0,0,0,0,0,0,,,,
1415215954.55487,pg_catalog,pg_enum,0,0,0,0,0,0,0,0,0,0,0,0,0,0,,,,
1415215954.55487,pg_catalog,pg_db_role_setting,0,0,7611,0,0,0,0,0,0,0,0,0,9,7602,0,0,0,0
1415215954.55487,pg_catalog,pg_seclabel,0,0,277,0,0,0,0,0,0,0,0,0,29,248,0,0,0,0
1415215954.55487,pg_toast,pg_toast_2609,0,0,0,0,0,0,0,0,0,0,0,0,0,0,,,,
1415215954.55487,pg_toast,pg_toast_1255,0,0,0,0,0,0,0,0,0,0,0,0,0,0,,,,
1415215954.55487,pg_catalog,pg_rewrite,0,0,821,713,36,0,36,0,106,36,276,643,134,1266,188,422,61,469
1415215954.55487,pg_catalog,pg_ts_config,0,0,0,0,0,0,0,0,0,0,0,0,0,0,,,,
1415215954.55487,pg_catalog,pg_extension,0,0,0,0,0,0,0,0,0,0,0,0,0,0,,,,
1415215954.55487,public,part,12,18000000,77,2345982,2000000,0,0,0,2000000,0,182486,450083,7739,713,,,,
1415215954.55487,pg_catalog,pg_amop,0,0,20283,29241,0,0,0,0,0,0,33,29208,118,43295,,,,
1415215954.55487,pg_catalog,pg_cast,0,0,72448,18240,0,0,0,0,0,0,25,18215,16,74702,,,,
1415215954.55487,public,region,6457,32260,16,16,5,0,0,0,5,0,4,6466,8,14,,,,
1415215954.55487,pg_toast,pg_toast_2619,0,0,8697,28953,555,0,303,0,268,8,2305,12086,36,10337,,,,
1415215954.55487,pg_toast,pg_toast_11610,0,0,0,0,0,0,0,0,0,0,0,0,0,0,,,,
1415215954.55487,pg_toast,pg_toast_2604,0,0,0,0,0,0,0,0,0,0,0,0,0,0,,,,
1415215954.55487,public,orders,16,150090000,4689009,12678290,15015000,0,0,0,15015000,0,1814108,7423719,106962,14143170,,,,
