# hostname;interval;timestamp;CPU;%user;%nice;%system;%iowait;%steal;%idle
axle;60;1415214369;-1;8.98;0.00;1.17;0.76;0.00;89.09
axle;60;1415214369;0;49.84;0.00;5.25;3.11;0.00;41.80
axle;60;1415214369;1;36.95;0.00;3.44;4.54;0.00;55.06
axle;60;1415214369;2;9.13;0.00;1.29;1.09;0.00;88.49
axle;60;1415214369;3;6.47;0.00;3.72;0.67;0.00;89.14
axle;60;1415214369;4;27.14;0.00;1.83;2.62;0.00;68.41
axle;60;1415214369;5;4.34;0.00;0.45;0.12;0.00;95.10
axle;60;1415214369;6;3.35;0.00;0.93;3.02;0.00;92.69
axle;60;1415214369;7;3.65;0.00;0.90;0.20;0.00;95.25
axle;60;1415214369;8;15.40;0.00;3.19;0.84;0.00;80.57
axle;60;1415214369;9;29.16;0.00;2.22;0.57;0.00;68.05
axle;60;1415214369;10;13.80;0.00;3.68;2.31;0.00;80.21
axle;60;1415214369;11;7.06;0.00;2.44;0.12;0.00;90.39
axle;60;1415214369;12;49.30;0.00;1.96;2.27;0.00;46.47
axle;60;1415214369;13;3.64;0.00;2.51;0.27;0.00;93.59
axle;60;1415214369;14;6.60;0.00;1.52;0.87;0.00;91.01
axle;60;1415214369;15;14.48;0.00;2.61;1.29;0.00;81.63
axle;60;1415214369;16;40.07;0.00;1.22;0.67;0.00;58.05
axle;60;1415214369;17;4.69;0.00;1.25;0.13;0.00;93.93
axle;60;1415214369;18;7.84;0.00;0.48;0.23;0.00;91.44
axle;60;1415214369;19;3.15;0.00;0.57;0.42;0.00;95.86
axle;60;1415214369;20;2.43;0.00;0.48;0.03;0.00;97.05
axle;60;1415214369;21;1.60;0.00;1.00;0.00;0.00;97.40
axle;60;1415214369;22;1.43;0.00;0.65;0.00;0.00;97.91
axle;60;1415214369;23;5.36;0.00;0.98;0.60;0.00;93.06
axle;60;1415214369;24;58.71;0.00;1.52;2.22;0.00;37.55
axle;60;1415214369;25;44.18;0.00;1.22;2.02;0.00;52.58
axle;60;1415214369;26;9.65;0.00;13.01;2.57;0.00;74.77
axle;60;1415214369;27;10.21;0.00;1.35;1.99;0.00;86.45
axle;60;1415214369;28;10.44;0.00;1.55;1.54;0.00;86.47
axle;60;1415214369;29;10.11;0.00;1.82;7.92;0.00;80.14
axle;60;1415214369;30;5.75;0.00;1.40;2.60;0.00;90.24
axle;60;1415214369;31;5.41;0.00;1.33;0.73;0.00;92.52
axle;60;1415214369;32;0.03;0.00;0.33;0.00;0.00;99.63
axle;60;1415214369;33;0.45;0.00;1.92;0.83;0.00;96.80
axle;60;1415214369;34;0.00;0.00;0.02;0.00;0.00;99.98
axle;60;1415214369;35;0.02;0.00;0.03;0.00;0.00;99.95
axle;60;1415214369;36;0.02;0.00;0.03;0.00;0.00;99.95
axle;60;1415214369;37;0.02;0.00;0.02;0.00;0.00;99.97
axle;60;1415214369;38;0.02;0.00;0.05;0.00;0.00;99.93
axle;60;1415214369;39;0.25;0.00;0.12;0.00;0.00;99.63
axle;60;1415214369;40;0.87;0.00;0.13;0.00;0.00;99.00
axle;60;1415214369;41;0.63;0.00;0.12;0.07;0.00;99.18
axle;60;1415214369;42;0.00;0.00;0.00;0.00;0.00;100.00
axle;60;1415214369;43;32.31;0.00;0.88;0.00;0.00;66.81
axle;60;1415214369;44;0.28;0.00;0.55;0.00;0.00;99.17
axle;60;1415214369;45;0.12;0.00;0.32;0.00;0.00;99.57
axle;60;1415214369;46;0.13;0.00;0.68;0.00;0.00;99.18
axle;60;1415214369;47;0.00;0.00;0.02;0.00;0.00;99.98
axle;60;1415214369;48;0.18;0.00;0.13;0.00;0.00;99.68
axle;60;1415214369;49;38.02;0.00;1.10;0.03;0.00;60.85
axle;60;1415214369;50;0.02;0.00;0.03;0.00;0.00;99.95
axle;60;1415214369;51;0.08;0.00;0.07;0.05;0.00;99.80
axle;60;1415214369;52;0.00;0.00;0.02;0.00;0.00;99.98
axle;60;1415214369;53;0.02;0.00;0.08;0.00;0.00;99.90
axle;60;1415214369;54;0.05;0.00;0.02;0.00;0.00;99.93
axle;60;1415214369;55;0.00;0.00;0.00;0.00;0.00;100.00
axle;60;1415214369;56;0.00;0.00;0.00;0.00;0.00;100.00
axle;60;1415214369;57;0.23;0.00;0.23;0.10;0.00;99.43
axle;60;1415214369;58;0.00;0.00;0.02;0.00;0.00;99.98
axle;60;1415214369;59;0.02;0.00;0.00;0.00;0.00;99.98
axle;60;1415214369;60;0.00;0.00;0.00;0.00;0.00;100.00
axle;60;1415214369;61;0.00;0.00;0.17;0.00;0.00;99.83
axle;60;1415214369;62;0.00;0.00;0.00;0.00;0.00;100.00
axle;60;1415214369;63;0.00;0.00;0.00;0.00;0.00;100.00
axle;60;1415214429;-1;7.99;0.00;0.74;0.16;0.00;91.11
axle;60;1415214429;0;72.26;0.00;0.37;0.00;0.00;27.37
axle;60;1415214429;1;54.63;0.00;0.27;0.00;0.00;45.10
axle;60;1415214429;2;0.00;0.00;0.02;0.00;0.00;99.98
axle;60;1415214429;3;27.18;0.00;0.23;0.00;0.00;72.59
axle;60;1415214429;4;0.02;0.00;0.02;0.00;0.00;99.97
axle;60;1415214429;5;0.00;0.00;0.00;0.00;0.00;100.00
axle;60;1415214429;6;0.00;0.00;0.00;0.00;0.00;100.00
axle;60;1415214429;7;0.00;0.00;0.00;0.00;0.00;100.00
axle;60;1415214429;8;19.63;0.00;3.06;0.60;0.00;76.72
axle;60;1415214429;9;23.57;0.00;4.69;0.45;0.00;71.29
axle;60;1415214429;10;14.30;0.00;3.77;0.33;0.00;81.59
axle;60;1415214429;11;4.85;0.00;2.68;0.00;0.00;92.46
axle;60;1415214429;12;3.37;0.00;2.45;0.13;0.00;94.04
axle;60;1415214429;13;4.78;0.00;3.27;0.32;0.00;91.63
axle;60;1415214429;14;4.51;0.00;2.71;1.00;0.00;91.78
axle;60;1415214429;15;1.28;0.00;1.42;0.07;0.00;97.23
axle;60;1415214429;16;47.23;0.00;3.17;0.22;0.00;49.38
axle;60;1415214429;17;19.78;0.00;2.57;0.27;0.00;77.38
axle;60;1415214429;18;0.05;0.00;0.08;0.03;0.00;99.83
axle;60;1415214429;19;18.39;0.00;2.90;1.02;0.00;77.70
axle;60;1415214429;20;1.45;0.00;0.47;0.00;0.00;98.08
axle;60;1415214429;21;0.18;0.00;0.45;0.00;0.00;99.37
axle;60;1415214429;22;4.65;0.00;0.30;0.00;0.00;95.05
axle;60;1415214429;23;32.95;0.00;3.52;0.43;0.00;63.09
axle;60;1415214429;24;4.84;0.00;0.12;0.00;0.00;95.05
axle;60;1415214429;25;89.40;0.00;0.27;0.00;0.00;10.33
axle;60;1415214429;26;0.70;0.00;0.38;0.00;0.00;98.91
axle;60;1415214429;27;0.67;0.00;0.40;0.00;0.00;98.93
axle;60;1415214429;28;3.94;0.00;0.70;0.00;0.00;95.35
axle;60;1415214429;29;0.33;0.00;0.37;0.00;0.00;99.30
axle;60;1415214429;30;3.12;0.00;0.47;1.39;0.00;95.03
axle;60;1415214429;31;1.67;0.00;0.27;3.11;0.00;94.96
axle;60;1415214429;32;0.00;0.00;0.00;0.00;0.00;100.00
axle;60;1415214429;33;0.00;0.00;0.00;0.00;0.00;100.00
axle;60;1415214429;34;0.00;0.00;0.00;0.00;0.00;100.00
axle;60;1415214429;35;0.00;0.00;0.00;0.00;0.00;100.00
axle;60;1415214429;36;0.00;0.00;0.02;0.00;0.00;99.98
axle;60;1415214429;37;0.00;0.00;0.00;0.00;0.00;100.00
axle;60;1415214429;38;0.00;0.00;0.00;0.00;0.00;100.00
axle;60;1415214429;39;0.00;0.00;0.00;0.00;0.00;100.00
axle;60;1415214429;40;0.00;0.00;0.00;0.00;0.00;100.00
axle;60;1415214429;41;1.33;0.00;1.23;0.00;0.00;97.43
axle;60;1415214429;42;1.63;0.00;0.47;0.00;0.00;97.90
axle;60;1415214429;43;2.02;0.00;0.38;0.00;0.00;97.60
axle;60;1415214429;44;7.83;0.00;0.90;0.00;0.00;91.27
axle;60;1415214429;45;1.35;0.00;1.33;0.07;0.00;97.25
axle;60;1415214429;46;0.00;0.00;0.05;0.00;0.00;99.95
axle;60;1415214429;47;0.00;0.00;0.12;0.00;0.00;99.88
axle;60;1415214429;48;0.00;0.00;0.02;0.00;0.00;99.98
axle;60;1415214429;49;0.00;0.00;0.00;0.00;0.00;100.00
axle;60;1415214429;50;0.00;0.00;0.00;0.00;0.00;100.00
axle;60;1415214429;51;0.00;0.00;0.03;0.00;0.00;99.97
axle;60;1415214429;52;0.00;0.00;0.00;0.00;0.00;100.00
axle;60;1415214429;53;0.00;0.00;0.00;0.00;0.00;100.00
axle;60;1415214429;54;0.00;0.00;0.00;0.00;0.00;100.00
axle;60;1415214429;55;0.00;0.00;0.00;0.00;0.00;100.00
axle;60;1415214429;56;0.00;0.00;0.00;0.00;0.00;100.00
axle;60;1415214429;57;0.18;0.00;0.05;0.00;0.00;99.77
axle;60;1415214429;58;0.02;0.00;0.00;0.00;0.00;99.98
axle;60;1415214429;59;4.02;0.00;0.85;0.00;0.00;95.13
axle;60;1415214429;60;0.00;0.00;0.00;0.00;0.00;100.00
axle;60;1415214429;61;32.88;0.00;0.38;0.00;0.00;66.73
axle;60;1415214429;62;0.58;0.00;0.12;0.90;0.00;98.40
axle;60;1415214429;63;0.00;0.00;0.00;0.00;0.00;100.00
axle;60;1415214489;-1;3.87;0.00;0.42;0.16;0.00;95.56
axle;60;1415214489;0;0.00;0.00;0.00;0.00;0.00;100.00
axle;60;1415214489;1;0.00;0.00;0.00;0.00;0.00;100.00
axle;60;1415214489;2;0.00;0.00;0.00;0.00;0.00;100.00
axle;60;1415214489;3;26.61;0.00;0.08;0.00;0.00;73.31
axle;60;1415214489;4;0.00;0.00;0.05;0.00;0.00;99.95
axle;60;1415214489;5;0.02;0.00;0.02;0.00;0.00;99.97
axle;60;1415214489;6;0.00;0.00;0.00;0.00;0.00;100.00
axle;60;1415214489;7;0.00;0.00;0.00;0.00;0.00;100.00
axle;60;1415214489;8;16.31;0.00;1.80;1.05;0.00;80.84
axle;60;1415214489;9;1.05;0.00;2.39;0.60;0.00;95.96
axle;60;1415214489;10;31.37;0.00;4.45;2.49;0.00;61.70
axle;60;1415214489;11;0.15;0.00;0.73;0.25;0.00;98.87
axle;60;1415214489;12;0.50;0.00;0.32;0.15;0.00;99.03
axle;60;1415214489;13;0.23;0.00;0.87;0.22;0.00;98.68
axle;60;1415214489;14;0.70;0.00;2.45;0.32;0.00;96.53
axle;60;1415214489;15;32.48;0.00;5.89;0.68;0.00;60.95
axle;60;1415214489;16;44.92;0.00;0.82;0.07;0.00;54.20
axle;60;1415214489;17;0.32;0.00;0.23;0.00;0.00;99.45
axle;60;1415214489;18;7.92;0.00;1.08;0.00;0.00;90.99
axle;60;1415214489;19;0.77;0.00;0.38;0.00;0.00;98.85
axle;60;1415214489;20;7.81;0.00;1.24;0.02;0.00;90.94
axle;60;1415214489;21;0.13;0.00;0.25;0.10;0.00;99.52
axle;60;1415214489;22;13.59;0.00;0.33;0.00;0.00;86.07
axle;60;1415214489;23;0.43;0.00;1.50;0.45;0.00;97.61
axle;60;1415214489;24;34.03;0.00;0.17;0.00;0.00;65.81
axle;60;1415214489;25;0.15;0.00;0.12;0.00;0.00;99.73
axle;60;1415214489;26;0.35;0.00;0.27;0.02;0.00;99.36
axle;60;1415214489;27;0.50;0.00;0.17;0.00;0.00;99.33
axle;60;1415214489;28;1.08;0.00;0.20;1.38;0.00;97.33
axle;60;1415214489;29;0.67;0.00;0.12;0.73;0.00;98.48
axle;60;1415214489;30;0.00;0.00;0.02;0.00;0.00;99.98
axle;60;1415214489;31;0.00;0.00;0.00;0.00;0.00;100.00
axle;60;1415214489;32;0.00;0.00;0.00;0.00;0.00;100.00
axle;60;1415214489;33;0.00;0.00;0.00;0.00;0.00;100.00
axle;60;1415214489;34;0.00;0.00;0.02;0.00;0.00;99.98
axle;60;1415214489;35;0.00;0.00;0.00;0.00;0.00;100.00
axle;60;1415214489;36;0.00;0.00;0.00;0.00;0.00;100.00
axle;60;1415214489;37;0.00;0.00;0.00;0.00;0.00;100.00
axle;60;1415214489;38;0.00;0.00;0.00;0.00;0.00;100.00
axle;60;1415214489;39;0.00;0.00;0.00;0.00;0.00;100.00
axle;60;1415214489;40;0.00;0.00;0.00;0.00;0.00;100.00
axle;60;1415214489;41;0.00;0.00;0.00;0.00;0.00;100.00
axle;60;1415214489;42;0.00;0.00;0.00;0.00;0.00;100.00
axle;60;1415214489;43;0.00;0.00;0.00;0.00;0.00;100.00
axle;60;1415214489;44;0.00;0.00;0.00;0.00;0.00;100.00
axle;60;1415214489;45;0.00;0.00;0.02;0.00;0.00;99.98
axle;60;1415214489;46;0.00;0.00;0.00;0.00;0.00;100.00
axle;60;1415214489;47;0.00;0.00;0.02;0.00;0.00;99.98
axle;60;1415214489;48;0.00;0.00;0.00;0.00;0.00;100.00
axle;60;1415214489;49;0.00;0.00;0.02;0.00;0.00;99.98
axle;60;1415214489;50;0.02;0.00;0.02;0.00;0.00;99.97
axle;60;1415214489;51;0.03;0.00;0.23;0.00;0.00;99.73
axle;60;1415214489;52;0.00;0.00;0.00;0.00;0.00;100.00
axle;60;1415214489;53;0.72;0.00;0.10;1.52;0.00;97.67
axle;60;1415214489;54;0.02;0.00;0.00;0.00;0.00;99.98
axle;60;1415214489;55;0.00;0.00;0.02;0.00;0.00;99.98
axle;60;1415214489;56;0.00;0.00;0.00;0.00;0.00;100.00
axle;60;1415214489;57;0.12;0.00;0.07;0.00;0.00;99.82
axle;60;1415214489;58;0.00;0.00;0.00;0.00;0.00;100.00
axle;60;1415214489;59;24.70;0.00;0.32;0.00;0.00;74.99
axle;60;1415214489;60;0.00;0.00;0.00;0.00;0.00;100.00
axle;60;1415214489;61;0.00;0.00;0.00;0.00;0.00;100.00
axle;60;1415214489;62;0.00;0.00;0.02;0.00;0.00;99.98
axle;60;1415214489;63;0.00;0.00;0.00;0.00;0.00;100.00
axle;60;1415214549;-1;3.07;0.00;0.33;0.10;0.00;96.49
axle;60;1415214549;0;0.02;0.00;0.02;0.00;0.00;99.97
axle;60;1415214549;1;0.02;0.00;0.00;0.00;0.00;99.98
axle;60;1415214549;2;0.00;0.00;0.02;0.00;0.00;99.98
axle;60;1415214549;3;0.03;0.00;0.02;0.00;0.00;99.95
axle;60;1415214549;4;0.00;0.00;0.00;0.00;0.00;100.00
axle;60;1415214549;5;15.32;0.00;1.47;0.00;0.00;83.21
axle;60;1415214549;6;0.00;0.00;0.00;0.00;0.00;100.00
axle;60;1415214549;7;0.00;0.00;0.00;0.00;0.00;100.00
axle;60;1415214549;8;0.00;0.00;0.13;0.10;0.00;99.77
axle;60;1415214549;9;4.82;0.00;1.08;1.15;0.00;92.95
axle;60;1415214549;10;0.00;0.00;0.18;0.10;0.00;99.72
axle;60;1415214549;11;0.00;0.00;0.05;0.00;0.00;99.95
axle;60;1415214549;12;17.67;0.00;2.42;0.32;0.00;79.60
axle;60;1415214549;13;0.45;0.00;0.10;0.02;0.00;99.43
axle;60;1415214549;14;0.97;0.00;2.13;0.17;0.00;96.73
axle;60;1415214549;15;3.62;0.00;0.42;0.12;0.00;95.85
axle;60;1415214549;16;21.90;0.00;2.52;0.63;0.00;74.95
axle;60;1415214549;17;0.18;0.00;0.75;0.05;0.00;99.01
axle;60;1415214549;18;0.03;0.00;2.67;0.33;0.00;96.96
axle;60;1415214549;19;25.40;0.00;1.77;0.00;0.00;72.83
axle;60;1415214549;20;0.13;0.00;0.55;0.00;0.00;99.32
axle;60;1415214549;21;0.07;0.00;0.10;0.00;0.00;99.83
axle;60;1415214549;22;0.08;0.00;0.05;0.03;0.00;99.83
axle;60;1415214549;23;11.54;0.00;1.73;0.43;0.00;86.29
axle;60;1415214549;24;86.54;0.00;0.25;0.00;0.00;13.21
axle;60;1415214549;25;0.99;0.00;0.70;0.00;0.00;98.31
axle;60;1415214549;26;0.25;0.00;0.33;0.00;0.00;99.41
axle;60;1415214549;27;1.19;0.00;0.49;0.00;0.00;98.32
axle;60;1415214549;28;1.62;0.00;0.38;0.48;0.00;97.51
axle;60;1415214549;29;3.42;0.00;0.50;2.74;0.00;93.34
axle;60;1415214549;30;0.00;0.00;0.00;0.00;0.00;100.00
axle;60;1415214549;31;0.00;0.00;0.00;0.00;0.00;100.00
axle;60;1415214549;32;0.00;0.00;0.00;0.00;0.00;100.00
axle;60;1415214549;33;0.05;0.00;0.07;0.00;0.00;99.88
axle;60;1415214549;34;0.00;0.00;0.00;0.00;0.00;100.00
axle;60;1415214549;35;0.00;0.00;0.00;0.00;0.00;100.00
axle;60;1415214549;36;0.00;0.00;0.00;0.00;0.00;100.00
axle;60;1415214549;37;0.00;0.00;0.00;0.00;0.00;100.00
axle;60;1415214549;38;0.00;0.00;0.00;0.00;0.00;100.00
axle;60;1415214549;39;0.00;0.00;0.00;0.00;0.00;100.00
axle;60;1415214549;40;0.00;0.00;0.00;0.00;0.00;100.00
axle;60;1415214549;41;0.00;0.00;0.02;0.00;0.00;99.98
axle;60;1415214549;42;0.02;0.00;0.00;0.00;0.00;99.98
axle;60;1415214549;43;0.00;0.00;0.00;0.00;0.00;100.00
axle;60;1415214549;44;0.00;0.00;0.00;0.00;0.00;100.00
axle;60;1415214549;45;0.00;0.00;0.00;0.00;0.00;100.00
axle;60;1415214549;46;0.00;0.00;0.00;0.00;0.00;100.00
axle;60;1415214549;47;0.00;0.00;0.00;0.00;0.00;100.00
axle;60;1415214549;48;0.00;0.00;0.00;0.00;0.00;100.00
axle;60;1415214549;49;0.00;0.00;0.00;0.00;0.00;100.00
axle;60;1415214549;50;0.00;0.00;0.00;0.00;0.00;100.00
axle;60;1415214549;51;0.02;0.00;0.27;0.00;0.00;99.72
axle;60;1415214549;52;0.00;0.00;0.00;0.00;0.00;100.00
axle;60;1415214549;53;0.00;0.00;0.00;0.00;0.00;100.00
axle;60;1415214549;54;0.00;0.00;0.00;0.00;0.00;100.00
axle;60;1415214549;55;0.02;0.00;0.00;0.00;0.00;99.98
axle;60;1415214549;56;0.00;0.00;0.00;0.00;0.00;100.00
axle;60;1415214549;57;0.12;0.00;0.07;0.00;0.00;99.82
axle;60;1415214549;58;0.00;0.00;0.00;0.00;0.00;100.00
axle;60;1415214549;59;0.00;0.00;0.00;0.00;0.00;100.00
axle;60;1415214549;60;0.00;0.00;0.00;0.00;0.00;100.00
axle;60;1415214549;61;0.00;0.00;0.00;0.00;0.00;100.00
axle;60;1415214549;62;0.00;0.00;0.00;0.00;0.00;100.00
axle;60;1415214549;63;0.00;0.00;0.00;0.00;0.00;100.00
axle;60;1415214609;-1;3.10;0.00;0.34;0.03;0.00;96.53
axle;60;1415214609;0;0.00;0.00;0.03;0.00;0.00;99.97
axle;60;1415214609;1;0.00;0.00;1.07;0.02;0.00;98.92
axle;60;1415214609;2;0.00;0.00;0.05;0.02;0.00;99.93
axle;60;1415214609;3;0.00;0.00;0.00;0.00;0.00;100.00
axle;60;1415214609;4;0.02;0.00;0.02;0.00;0.00;99.97
axle;60;1415214609;5;0.00;0.00;0.00;0.00;0.00;100.00
axle;60;1415214609;6;0.02;0.00;0.00;0.00;0.00;99.98
axle;60;1415214609;7;0.00;0.00;0.02;0.00;0.00;99.98
axle;60;1415214609;8;23.19;0.00;3.45;0.63;0.00;72.72
axle;60;1415214609;9;11.15;0.00;1.48;0.00;0.00;87.37
axle;60;1415214609;10;0.02;0.00;0.02;0.00;0.00;99.97
axle;60;1415214609;11;0.02;0.00;0.00;0.00;0.00;99.98
axle;60;1415214609;12;0.00;0.00;0.00;0.00;0.00;100.00
axle;60;1415214609;13;0.00;0.00;0.02;0.02;0.00;99.97
axle;60;1415214609;14;0.70;0.00;2.32;0.00;0.00;96.98
axle;60;1415214609;15;0.00;0.00;0.10;0.00;0.00;99.90
axle;60;1415214609;16;22.35;0.00;2.82;0.00;0.00;74.83
axle;60;1415214609;17;0.02;0.00;1.23;0.02;0.00;98.73
axle;60;1415214609;18;0.00;0.00;0.50;0.00;0.00;99.50
axle;60;1415214609;19;18.78;0.00;2.42;0.00;0.00;78.81
axle;60;1415214609;20;0.18;0.00;0.45;0.00;0.00;99.37
axle;60;1415214609;21;0.08;0.00;0.50;0.00;0.00;99.42
axle;60;1415214609;22;13.89;0.00;1.95;0.18;0.00;83.98
axle;60;1415214609;23;0.00;0.00;0.18;0.00;0.00;99.82
axle;60;1415214609;24;98.98;0.00;0.33;0.00;0.00;0.68
axle;60;1415214609;25;0.67;0.00;0.44;0.00;0.00;98.89
axle;60;1415214609;26;0.28;0.00;0.25;0.00;0.00;99.46
axle;60;1415214609;27;0.47;0.00;0.75;0.02;0.00;98.76
axle;60;1415214609;28;0.17;0.00;0.12;0.00;0.00;99.72
axle;60;1415214609;29;0.79;0.00;0.30;0.00;0.00;98.91
axle;60;1415214609;30;6.16;0.00;0.75;1.07;0.00;92.02
axle;60;1415214609;31;0.00;0.00;0.02;0.00;0.00;99.98
axle;60;1415214609;32;0.00;0.00;0.00;0.00;0.00;100.00
axle;60;1415214609;33;0.02;0.00;0.03;0.00;0.00;99.95
axle;60;1415214609;34;0.00;0.00;0.00;0.00;0.00;100.00
axle;60;1415214609;35;0.00;0.00;0.00;0.00;0.00;100.00
axle;60;1415214609;36;0.00;0.00;0.00;0.00;0.00;100.00
axle;60;1415214609;37;0.02;0.00;0.00;0.00;0.00;99.98
axle;60;1415214609;38;0.00;0.00;0.00;0.00;0.00;100.00
axle;60;1415214609;39;0.00;0.00;0.00;0.00;0.00;100.00
axle;60;1415214609;40;0.00;0.00;0.00;0.00;0.00;100.00
axle;60;1415214609;41;0.00;0.00;0.03;0.00;0.00;99.97
axle;60;1415214609;42;0.00;0.00;0.00;0.00;0.00;100.00
axle;60;1415214609;43;0.02;0.00;0.00;0.00;0.00;99.98
axle;60;1415214609;44;0.00;0.00;0.00;0.00;0.00;100.00
axle;60;1415214609;45;0.00;0.00;0.00;0.00;0.00;100.00
axle;60;1415214609;46;0.00;0.00;0.00;0.00;0.00;100.00
axle;60;1415214609;47;0.00;0.00;0.00;0.00;0.00;100.00
axle;60;1415214609;48;0.00;0.00;0.00;0.00;0.00;100.00
axle;60;1415214609;49;0.00;0.00;0.00;0.00;0.00;100.00
axle;60;1415214609;50;0.00;0.00;0.00;0.00;0.00;100.00
axle;60;1415214609;51;0.07;0.00;0.23;0.00;0.00;99.70
axle;60;1415214609;52;0.00;0.00;0.00;0.00;0.00;100.00
axle;60;1415214609;53;0.00;0.00;0.00;0.00;0.00;100.00
axle;60;1415214609;54;0.00;0.00;0.00;0.00;0.00;100.00
axle;60;1415214609;55;0.00;0.00;0.02;0.00;0.00;99.98
axle;60;1415214609;56;0.00;0.00;0.00;0.00;0.00;100.00
axle;60;1415214609;57;0.13;0.00;0.05;0.00;0.00;99.82
axle;60;1415214609;58;0.00;0.00;0.00;0.00;0.00;100.00
axle;60;1415214609;59;0.00;0.00;0.00;0.00;0.00;100.00
axle;60;1415214609;60;0.00;0.00;0.00;0.00;0.00;100.00
axle;60;1415214609;61;0.00;0.00;0.00;0.00;0.00;100.00
axle;60;1415214609;62;0.00;0.00;0.00;0.00;0.00;100.00
axle;60;1415214609;63;0.00;0.00;0.00;0.00;0.00;100.00
axle;60;1415214669;-1;2.88;0.00;0.46;0.16;0.00;96.50
axle;60;1415214669;0;0.00;0.00;0.05;0.00;0.00;99.95
axle;60;1415214669;1;0.00;0.00;0.00;0.00;0.00;100.00
axle;60;1415214669;2;0.00;0.00;0.00;0.00;0.00;100.00
axle;60;1415214669;3;0.00;0.00;0.03;0.00;0.00;99.97
axle;60;1415214669;4;0.02;0.00;0.00;0.00;0.00;99.98
axle;60;1415214669;5;0.00;0.00;0.00;0.00;0.00;100.00
axle;60;1415214669;6;0.00;0.00;0.00;0.00;0.00;100.00
axle;60;1415214669;7;0.00;0.00;0.00;0.00;0.00;100.00
axle;60;1415214669;8;0.00;0.00;0.08;0.00;0.00;99.92
axle;60;1415214669;9;0.03;0.00;0.12;0.00;0.00;99.85
axle;60;1415214669;10;2.69;0.00;0.73;0.90;0.00;95.68
axle;60;1415214669;11;0.00;0.00;0.15;0.00;0.00;99.85
axle;60;1415214669;12;0.00;0.00;0.13;0.00;0.00;99.87
axle;60;1415214669;13;0.00;0.00;0.52;2.44;0.00;97.04
axle;60;1415214669;14;0.78;0.00;1.15;0.57;0.00;97.50
axle;60;1415214669;15;0.67;0.00;1.70;0.00;0.00;97.63
axle;60;1415214669;16;8.67;0.00;1.28;2.28;0.00;87.77
axle;60;1415214669;17;18.52;0.00;1.93;0.08;0.00;79.46
axle;60;1415214669;18;0.17;0.00;0.75;1.03;0.00;98.05
axle;60;1415214669;19;9.67;0.00;1.40;0.00;0.00;88.92
axle;60;1415214669;20;21.72;0.00;0.92;0.05;0.00;77.31
axle;60;1415214669;21;0.07;0.00;0.50;0.00;0.00;99.43
axle;60;1415214669;22;0.28;0.00;0.33;0.12;0.00;99.27
axle;60;1415214669;23;25.76;0.00;10.90;0.00;0.00;63.34
axle;60;1415214669;24;80.78;0.00;0.23;0.00;0.00;18.99
axle;60;1415214669;25;2.75;0.00;0.49;1.49;0.00;95.27
axle;60;1415214669;26;0.43;0.00;0.33;0.00;0.00;99.23
axle;60;1415214669;27;0.20;0.00;0.30;0.00;0.00;99.50
axle;60;1415214669;28;0.17;0.00;0.20;0.00;0.00;99.63
axle;60;1415214669;29;0.07;0.00;0.20;0.00;0.00;99.73
axle;60;1415214669;30;2.57;0.00;0.42;1.20;0.00;95.81
axle;60;1415214669;31;0.27;0.00;0.10;0.00;0.00;99.63
axle;60;1415214669;32;0.00;0.00;0.00;0.00;0.00;100.00
axle;60;1415214669;33;0.00;0.00;0.02;0.00;0.00;99.98
axle;60;1415214669;34;0.00;0.00;0.00;0.00;0.00;100.00
axle;60;1415214669;35;0.00;0.00;0.00;0.00;0.00;100.00
axle;60;1415214669;36;0.00;0.00;0.00;0.00;0.00;100.00
axle;60;1415214669;37;0.00;0.00;0.00;0.00;0.00;100.00
axle;60;1415214669;38;0.00;0.00;0.00;0.00;0.00;100.00
axle;60;1415214669;39;0.00;0.00;0.00;0.00;0.00;100.00
axle;60;1415214669;40;0.00;0.00;0.00;0.00;0.00;100.00
axle;60;1415214669;41;0.00;0.00;0.02;0.00;0.00;99.98
axle;60;1415214669;42;0.00;0.00;0.00;0.00;0.00;100.00
axle;60;1415214669;43;0.00;0.00;0.00;0.00;0.00;100.00
axle;60;1415214669;44;0.00;0.00;0.00;0.00;0.00;100.00
axle;60;1415214669;45;0.00;0.00;0.00;0.00;0.00;100.00
axle;60;1415214669;46;0.00;0.00;0.00;0.00;0.00;100.00
axle;60;1415214669;47;0.00;0.00;0.00;0.00;0.00;100.00
axle;60;1415214669;48;0.00;0.00;0.00;0.00;0.00;100.00
axle;60;1415214669;49;0.00;0.00;0.03;0.00;0.00;99.97
axle;60;1415214669;50;0.00;0.00;0.00;0.00;0.00;100.00
axle;60;1415214669;51;0.00;0.00;0.03;0.00;0.00;99.97
axle;60;1415214669;52;0.00;0.00;0.00;0.00;0.00;100.00
axle;60;1415214669;53;0.00;0.00;0.00;0.00;0.00;100.00
axle;60;1415214669;54;0.00;0.00;0.00;0.00;0.00;100.00
axle;60;1415214669;55;7.90;0.00;4.27;0.00;0.00;87.83
axle;60;1415214669;56;0.00;0.00;0.00;0.00;0.00;100.00
axle;60;1415214669;57;0.13;0.00;0.05;0.00;0.00;99.82
axle;60;1415214669;58;0.00;0.00;0.00;0.00;0.00;100.00
axle;60;1415214669;59;0.00;0.00;0.00;0.00;0.00;100.00
axle;60;1415214669;60;0.00;0.00;0.00;0.00;0.00;100.00
axle;60;1415214669;61;0.00;0.00;0.00;0.00;0.00;100.00
axle;60;1415214669;62;0.00;0.00;0.00;0.00;0.00;100.00
axle;60;1415214669;63;0.00;0.00;0.00;0.00;0.00;100.00
axle;60;1415214729;-1;2.89;0.00;0.40;0.23;0.00;96.47
axle;60;1415214729;0;0.00;0.00;0.03;0.00;0.00;99.97
axle;60;1415214729;1;0.02;0.00;0.00;0.00;0.00;99.98
axle;60;1415214729;2;0.00;0.00;0.02;0.00;0.00;99.98
axle;60;1415214729;3;0.00;0.00;0.02;0.00;0.00;99.98
axle;60;1415214729;4;0.00;0.00;0.00;0.00;0.00;100.00
axle;60;1415214729;5;0.00;0.00;0.00;0.00;0.00;100.00
axle;60;1415214729;6;0.02;0.00;0.00;0.00;0.00;99.98
axle;60;1415214729;7;0.02;0.00;0.00;0.00;0.00;99.98
axle;60;1415214729;8;38.40;0.00;1.49;3.70;0.00;56.41
axle;60;1415214729;9;25.52;0.00;3.84;0.72;0.00;69.92
axle;60;1415214729;10;0.78;0.00;2.10;0.10;0.00;97.02
axle;60;1415214729;11;0.35;0.00;0.37;0.00;0.00;99.28
axle;60;1415214729;12;0.28;0.00;0.12;0.00;0.00;99.60
axle;60;1415214729;13;0.30;0.00;0.25;0.00;0.00;99.45
axle;60;1415214729;14;0.15;0.00;0.10;0.00;0.00;99.75
axle;60;1415214729;15;0.02;0.00;0.72;1.44;0.00;97.83
axle;60;1415214729;16;4.03;0.00;0.52;3.04;0.00;92.41
axle;60;1415214729;17;24.17;0.00;1.03;0.00;0.00;74.80
axle;60;1415214729;18;30.72;0.00;12.17;2.24;0.00;54.87
axle;60;1415214729;19;1.87;0.00;0.52;0.57;0.00;97.04
axle;60;1415214729;20;48.00;0.00;0.17;0.02;0.00;51.82
axle;60;1415214729;21;0.47;0.00;0.23;3.02;0.00;96.28
axle;60;1415214729;22;7.45;0.00;0.28;0.08;0.00;92.18
axle;60;1415214729;23;0.22;0.00;1.05;0.08;0.00;98.65
axle;60;1415214729;24;0.00;0.00;0.00;0.00;0.00;100.00
axle;60;1415214729;25;0.00;0.00;0.00;0.00;0.00;100.00
axle;60;1415214729;26;0.00;0.00;0.00;0.00;0.00;100.00
axle;60;1415214729;27;0.00;0.00;0.00;0.00;0.00;100.00
axle;60;1415214729;28;0.05;0.00;0.05;0.00;0.00;99.90
axle;60;1415214729;29;0.00;0.00;0.00;0.00;0.00;100.00
axle;60;1415214729;30;0.00;0.00;0.00;0.00;0.00;100.00
axle;60;1415214729;31;0.00;0.00;0.00;0.00;0.00;100.00
axle;60;1415214729;32;0.00;0.00;0.00;0.00;0.00;100.00
axle;60;1415214729;33;0.02;0.00;0.03;0.00;0.00;99.95
axle;60;1415214729;34;0.00;0.00;0.00;0.00;0.00;100.00
axle;60;1415214729;35;0.00;0.00;0.00;0.00;0.00;100.00
axle;60;1415214729;36;0.00;0.00;0.00;0.00;0.00;100.00
axle;60;1415214729;37;0.00;0.00;0.00;0.00;0.00;100.00
axle;60;1415214729;38;0.00;0.00;0.00;0.00;0.00;100.00
axle;60;1415214729;39;0.00;0.00;0.00;0.00;0.00;100.00
axle;60;1415214729;40;0.00;0.00;0.00;0.00;0.00;100.00
axle;60;1415214729;41;0.02;0.00;0.00;0.00;0.00;99.98
axle;60;1415214729;42;0.00;0.00;0.00;0.00;0.00;100.00
axle;60;1415214729;43;0.00;0.00;0.00;0.00;0.00;100.00
axle;60;1415214729;44;0.00;0.00;0.00;0.00;0.00;100.00
axle;60;1415214729;45;0.00;0.00;0.00;0.00;0.00;100.00
axle;60;1415214729;46;2.05;0.00;0.28;0.00;0.00;97.66
axle;60;1415214729;47;0.00;0.00;0.00;0.00;0.00;100.00
axle;60;1415214729;48;0.00;0.00;0.00;0.00;0.00;100.00
axle;60;1415214729;49;0.00;0.00;0.00;0.00;0.00;100.00
axle;60;1415214729;50;0.00;0.00;0.02;0.00;0.00;99.98
axle;60;1415214729;51;0.02;0.00;0.38;0.00;0.00;99.60
axle;60;1415214729;52;0.00;0.00;0.00;0.00;0.00;100.00
axle;60;1415214729;53;0.00;0.00;0.00;0.00;0.00;100.00
axle;60;1415214729;54;0.00;0.00;0.00;0.00;0.00;100.00
axle;60;1415214729;55;0.00;0.00;0.00;0.00;0.00;100.00
axle;60;1415214729;56;0.00;0.00;0.00;0.00;0.00;100.00
axle;60;1415214729;57;0.18;0.00;0.03;0.00;0.00;99.78
axle;60;1415214729;58;0.00;0.00;0.02;0.00;0.00;99.98
axle;60;1415214729;59;0.00;0.00;0.00;0.00;0.00;100.00
axle;60;1415214729;60;0.00;0.00;0.00;0.00;0.00;100.00
axle;60;1415214729;61;0.00;0.00;0.00;0.00;0.00;100.00
axle;60;1415214729;62;0.00;0.00;0.00;0.00;0.00;100.00
axle;60;1415214729;63;0.00;0.00;0.00;0.00;0.00;100.00
axle;60;1415214789;-1;3.18;0.00;0.20;0.00;0.00;96.61
axle;60;1415214789;0;0.00;0.00;0.02;0.00;0.00;99.98
axle;60;1415214789;1;78.17;0.00;4.78;0.00;0.00;17.05
axle;60;1415214789;2;0.02;0.00;0.00;0.00;0.00;99.98
axle;60;1415214789;3;0.00;0.00;0.00;0.00;0.00;100.00
axle;60;1415214789;4;0.00;0.00;0.02;0.00;0.00;99.98
axle;60;1415214789;5;0.00;0.00;0.02;0.00;0.00;99.98
axle;60;1415214789;6;0.00;0.00;0.03;0.00;0.00;99.97
axle;60;1415214789;7;0.00;0.00;0.00;0.00;0.00;100.00
axle;60;1415214789;8;99.83;0.00;0.17;0.00;0.00;0.00
axle;60;1415214789;9;0.92;0.00;0.57;0.00;0.00;98.51
axle;60;1415214789;10;0.90;0.00;2.44;0.00;0.00;96.66
axle;60;1415214789;11;0.35;0.00;0.40;0.00;0.00;99.25
axle;60;1415214789;12;0.30;0.00;0.47;0.00;0.00;99.23
axle;60;1415214789;13;0.10;0.00;0.20;0.00;0.00;99.70
axle;60;1415214789;14;0.02;0.00;0.02;0.00;0.00;99.97
axle;60;1415214789;15;0.00;0.00;0.00;0.00;0.00;100.00
axle;60;1415214789;16;15.71;0.00;1.55;0.00;0.00;82.74
axle;60;1415214789;17;0.03;0.00;0.15;0.00;0.00;99.82
axle;60;1415214789;18;0.00;0.00;0.02;0.00;0.00;99.98
axle;60;1415214789;19;0.00;0.00;0.00;0.00;0.00;100.00
axle;60;1415214789;20;0.00;0.00;0.20;0.00;0.00;99.80
axle;60;1415214789;21;0.03;0.00;0.03;0.00;0.00;99.93
axle;60;1415214789;22;0.05;0.00;0.02;0.00;0.00;99.93
axle;60;1415214789;23;0.02;0.00;0.03;0.00;0.00;99.95
axle;60;1415214789;24;0.00;0.00;0.02;0.00;0.00;99.98
axle;60;1415214789;25;0.00;0.00;0.03;0.00;0.00;99.97
axle;60;1415214789;26;0.00;0.00;0.00;0.00;0.00;100.00
axle;60;1415214789;27;0.02;0.00;0.02;0.00;0.00;99.97
axle;60;1415214789;28;0.00;0.00;0.02;0.00;0.00;99.98
axle;60;1415214789;29;0.00;0.00;0.00;0.00;0.00;100.00
axle;60;1415214789;30;0.00;0.00;0.02;0.00;0.00;99.98
axle;60;1415214789;31;0.00;0.00;0.02;0.00;0.00;99.98
axle;60;1415214789;32;0.00;0.00;0.00;0.00;0.00;100.00
axle;60;1415214789;33;0.02;0.00;0.00;0.13;0.00;99.85
axle;60;1415214789;34;0.00;0.00;0.00;0.00;0.00;100.00
axle;60;1415214789;35;0.00;0.00;0.00;0.00;0.00;100.00
axle;60;1415214789;36;0.00;0.00;0.00;0.00;0.00;100.00
axle;60;1415214789;37;0.00;0.00;0.00;0.00;0.00;100.00
axle;60;1415214789;38;0.00;0.00;0.00;0.00;0.00;100.00
axle;60;1415214789;39;0.00;0.00;0.00;0.00;0.00;100.00
axle;60;1415214789;40;0.00;0.00;0.00;0.00;0.00;100.00
axle;60;1415214789;41;0.00;0.00;0.00;0.00;0.00;100.00
axle;60;1415214789;42;0.00;0.00;0.00;0.00;0.00;100.00
axle;60;1415214789;43;0.00;0.00;0.00;0.00;0.00;100.00
axle;60;1415214789;44;0.00;0.00;0.00;0.00;0.00;100.00
axle;60;1415214789;45;0.00;0.00;0.00;0.00;0.00;100.00
axle;60;1415214789;46;6.75;0.00;1.29;0.00;0.00;91.97
axle;60;1415214789;47;0.00;0.00;0.00;0.00;0.00;100.00
axle;60;1415214789;48;0.00;0.00;0.02;0.00;0.00;99.98
axle;60;1415214789;49;0.00;0.00;0.03;0.00;0.00;99.97
axle;60;1415214789;50;0.00;0.00;0.00;0.00;0.00;100.00
axle;60;1415214789;51;0.03;0.00;0.35;0.00;0.00;99.62
axle;60;1415214789;52;0.00;0.00;0.00;0.00;0.00;100.00
axle;60;1415214789;53;0.00;0.00;0.00;0.00;0.00;100.00
axle;60;1415214789;54;0.00;0.00;0.00;0.00;0.00;100.00
axle;60;1415214789;55;0.00;0.00;0.00;0.00;0.00;100.00
axle;60;1415214789;56;0.00;0.00;0.00;0.00;0.00;100.00
axle;60;1415214789;57;0.18;0.00;0.10;0.00;0.00;99.72
axle;60;1415214789;58;0.03;0.00;0.00;0.00;0.00;99.97
axle;60;1415214789;59;0.00;0.00;0.00;0.00;0.00;100.00
axle;60;1415214789;60;0.00;0.00;0.00;0.00;0.00;100.00
axle;60;1415214789;61;0.00;0.00;0.00;0.00;0.00;100.00
axle;60;1415214789;62;0.00;0.00;0.00;0.00;0.00;100.00
axle;60;1415214789;63;0.00;0.00;0.00;0.00;0.00;100.00
axle;60;1415214849;-1;6.04;0.00;2.45;0.05;0.00;91.45
axle;60;1415214849;0;13.08;0.00;7.58;0.08;0.00;79.26
axle;60;1415214849;1;57.03;0.00;4.58;0.02;0.00;38.37
axle;60;1415214849;2;7.98;0.00;3.96;0.05;0.00;88.01
axle;60;1415214849;3;7.84;0.00;5.94;0.08;0.00;86.14
axle;60;1415214849;4;6.61;0.00;4.28;0.00;0.00;89.11
axle;60;1415214849;5;4.31;0.00;4.24;0.07;0.00;91.38
axle;60;1415214849;6;28.87;0.00;2.79;0.05;0.00;68.29
axle;60;1415214849;7;7.69;0.00;4.05;0.00;0.00;88.26
axle;60;1415214849;8;48.45;0.00;6.14;0.00;0.00;45.41
axle;60;1415214849;9;10.59;0.00;4.66;0.00;0.00;84.75
axle;60;1415214849;10;4.55;0.00;3.12;0.00;0.00;92.33
axle;60;1415214849;11;4.74;0.00;3.01;0.02;0.00;92.23
axle;60;1415214849;12;4.69;0.00;3.89;0.00;0.00;91.42
axle;60;1415214849;13;3.24;0.00;2.36;0.00;0.00;94.40
axle;60;1415214849;14;5.26;0.00;4.31;0.45;0.00;89.99
axle;60;1415214849;15;1.20;0.00;1.74;0.00;0.00;97.06
axle;60;1415214849;16;15.76;0.00;10.72;1.27;0.00;72.25
axle;60;1415214849;17;22.04;0.00;4.96;1.17;0.00;71.83
axle;60;1415214849;18;13.82;0.00;4.32;0.00;0.00;81.85
axle;60;1415214849;19;21.34;0.00;3.61;0.00;0.00;75.05
axle;60;1415214849;20;11.89;0.00;2.81;0.00;0.00;85.31
axle;60;1415214849;21;2.22;0.00;2.82;0.00;0.00;94.96
axle;60;1415214849;22;3.22;0.00;1.95;0.02;0.00;94.81
axle;60;1415214849;23;2.49;0.00;2.74;0.00;0.00;94.77
axle;60;1415214849;24;13.40;0.00;6.28;0.02;0.00;80.30
axle;60;1415214849;25;6.32;0.00;3.49;0.03;0.00;90.16
axle;60;1415214849;26;4.37;0.00;3.75;0.00;0.00;91.87
axle;60;1415214849;27;1.60;0.00;2.35;0.00;0.00;96.05
axle;60;1415214849;28;3.12;0.00;2.60;0.00;0.00;94.28
axle;60;1415214849;29;2.40;0.00;2.60;0.00;0.00;94.99
axle;60;1415214849;30;2.49;0.00;2.54;0.03;0.00;94.95
axle;60;1415214849;31;1.62;0.00;1.90;0.02;0.00;96.46
axle;60;1415214849;32;2.02;0.00;1.88;0.00;0.00;96.10
axle;60;1415214849;33;5.56;0.00;0.63;0.00;0.00;93.81
axle;60;1415214849;34;0.37;0.00;1.37;0.02;0.00;98.25
axle;60;1415214849;35;0.58;0.00;1.18;0.00;0.00;98.23
axle;60;1415214849;36;0.42;0.00;0.50;0.00;0.00;99.08
axle;60;1415214849;37;0.33;0.00;0.27;0.00;0.00;99.40
axle;60;1415214849;38;0.67;0.00;0.17;0.00;0.00;99.17
axle;60;1415214849;39;0.07;0.00;0.47;0.00;0.00;99.47
axle;60;1415214849;40;0.75;0.00;0.90;0.00;0.00;98.35
axle;60;1415214849;41;1.22;0.00;1.08;0.00;0.00;97.70
axle;60;1415214849;42;0.97;0.00;0.60;0.00;0.00;98.43
axle;60;1415214849;43;0.18;0.00;0.40;0.00;0.00;99.42
axle;60;1415214849;44;0.03;0.00;0.27;0.00;0.00;99.70
axle;60;1415214849;45;0.00;0.00;0.62;0.00;0.00;99.38
axle;60;1415214849;46;1.32;0.00;2.27;0.00;0.00;96.41
axle;60;1415214849;47;0.00;0.00;0.02;0.00;0.00;99.98
axle;60;1415214849;48;11.32;0.00;3.90;0.00;0.00;84.77
axle;60;1415214849;49;0.57;0.00;1.38;0.00;0.00;98.05
axle;60;1415214849;50;0.05;0.00;0.02;0.00;0.00;99.93
axle;60;1415214849;51;0.08;0.00;1.20;0.00;0.00;98.72
axle;60;1415214849;52;0.63;0.00;1.63;0.00;0.00;97.73
axle;60;1415214849;53;0.60;0.00;1.12;0.00;0.00;98.28
axle;60;1415214849;54;1.33;0.00;0.58;0.00;0.00;98.08
axle;60;1415214849;55;0.03;0.00;0.13;0.00;0.00;99.83
axle;60;1415214849;56;1.12;0.00;1.53;0.00;0.00;97.35
axle;60;1415214849;57;0.37;0.00;0.72;0.00;0.00;98.92
axle;60;1415214849;58;0.58;0.00;0.23;0.00;0.00;99.18
axle;60;1415214849;59;1.17;0.00;1.02;0.00;0.00;97.82
axle;60;1415214849;60;1.00;0.00;1.05;0.00;0.00;97.95
axle;60;1415214849;61;1.03;0.00;1.10;0.00;0.00;97.87
axle;60;1415214849;62;8.63;0.00;2.23;0.00;0.00;89.13
axle;60;1415214849;63;0.00;0.00;0.45;0.00;0.00;99.55
axle;60;1415214909;-1;7.48;0.00;0.52;0.09;0.00;91.91
axle;60;1415214909;0;41.57;0.00;1.50;0.77;0.00;56.16
axle;60;1415214909;1;5.19;0.00;0.55;0.00;0.00;94.25
axle;60;1415214909;2;0.97;0.00;0.20;0.00;0.00;98.83
axle;60;1415214909;3;0.60;0.00;0.25;0.00;0.00;99.15
axle;60;1415214909;4;1.67;0.00;0.30;0.00;0.00;98.03
axle;60;1415214909;5;0.43;0.00;0.08;0.00;0.00;99.48
axle;60;1415214909;6;18.87;0.00;0.08;0.00;0.00;81.05
axle;60;1415214909;7;5.04;0.00;0.25;0.02;0.00;94.70
axle;60;1415214909;8;85.93;0.00;3.57;0.00;0.00;10.50
axle;60;1415214909;9;0.82;0.00;0.12;0.00;0.00;99.07
axle;60;1415214909;10;0.00;0.00;0.03;0.00;0.00;99.97
axle;60;1415214909;11;0.00;0.00;0.08;0.00;0.00;99.92
axle;60;1415214909;12;0.57;0.00;1.80;0.00;0.00;97.63
axle;60;1415214909;13;0.22;0.00;0.58;0.00;0.00;99.20
axle;60;1415214909;14;0.00;0.00;0.03;0.00;0.00;99.97
axle;60;1415214909;15;0.00;0.00;0.07;0.00;0.00;99.93
axle;60;1415214909;16;16.39;0.00;1.32;0.03;0.00;82.26
axle;60;1415214909;17;69.24;0.00;5.92;0.20;0.00;24.64
axle;60;1415214909;18;26.59;0.00;2.27;0.67;0.00;70.47
axle;60;1415214909;19;6.03;0.00;0.70;0.89;0.00;92.38
axle;60;1415214909;20;0.62;0.00;0.75;0.45;0.00;98.18
axle;60;1415214909;21;0.08;0.00;0.27;0.58;0.00;99.06
axle;60;1415214909;22;0.13;0.00;0.25;0.02;0.00;99.60
axle;60;1415214909;23;15.10;0.00;1.52;0.00;0.00;83.38
axle;60;1415214909;24;87.69;0.00;4.24;0.00;0.00;8.07
axle;60;1415214909;25;10.94;0.00;0.37;0.70;0.00;87.99
axle;60;1415214909;26;3.45;0.00;0.78;0.20;0.00;95.56
axle;60;1415214909;27;41.38;0.00;0.23;0.00;0.00;58.39
axle;60;1415214909;28;0.15;0.00;0.27;0.17;0.00;99.42
axle;60;1415214909;29;12.78;0.00;0.40;0.43;0.00;86.39
axle;60;1415214909;30;0.40;0.00;0.53;0.72;0.00;98.35
axle;60;1415214909;31;0.22;0.00;0.28;0.02;0.00;99.48
axle;60;1415214909;32;0.00;0.00;0.02;0.02;0.00;99.97
axle;60;1415214909;33;0.00;0.00;0.00;0.00;0.00;100.00
axle;60;1415214909;34;0.02;0.00;0.02;0.00;0.00;99.97
axle;60;1415214909;35;25.33;0.00;2.38;0.00;0.00;72.28
axle;60;1415214909;36;0.02;0.00;0.05;0.00;0.00;99.93
axle;60;1415214909;37;0.00;0.00;0.02;0.00;0.00;99.98
axle;60;1415214909;38;0.00;0.00;0.02;0.00;0.00;99.98
axle;60;1415214909;39;0.05;0.00;0.03;0.02;0.00;99.90
axle;60;1415214909;40;0.00;0.00;0.03;0.00;0.00;99.97
axle;60;1415214909;41;0.00;0.00;0.00;0.00;0.00;100.00
axle;60;1415214909;42;0.00;0.00;0.00;0.00;0.00;100.00
axle;60;1415214909;43;0.00;0.00;0.00;0.00;0.00;100.00
axle;60;1415214909;44;0.02;0.00;0.02;0.00;0.00;99.97
axle;60;1415214909;45;0.00;0.00;0.00;0.00;0.00;100.00
axle;60;1415214909;46;0.00;0.00;0.00;0.00;0.00;100.00
axle;60;1415214909;47;0.00;0.00;0.00;0.00;0.00;100.00
axle;60;1415214909;48;0.00;0.00;0.00;0.00;0.00;100.00
axle;60;1415214909;49;0.00;0.00;0.00;0.00;0.00;100.00
axle;60;1415214909;50;0.00;0.00;0.02;0.00;0.00;99.98
axle;60;1415214909;51;0.03;0.00;0.67;0.00;0.00;99.30
axle;60;1415214909;52;0.00;0.00;0.00;0.00;0.00;100.00
axle;60;1415214909;53;0.00;0.00;0.02;0.00;0.00;99.98
axle;60;1415214909;54;0.00;0.00;0.00;0.00;0.00;100.00
axle;60;1415214909;55;0.00;0.00;0.00;0.00;0.00;100.00
axle;60;1415214909;56;0.00;0.00;0.02;0.00;0.00;99.98
axle;60;1415214909;57;0.10;0.00;0.05;0.00;0.00;99.85
axle;60;1415214909;58;0.00;0.00;0.00;0.00;0.00;100.00
axle;60;1415214909;59;0.00;0.00;0.00;0.00;0.00;100.00
axle;60;1415214909;60;0.00;0.00;0.00;0.00;0.00;100.00
axle;60;1415214909;61;0.00;0.00;0.00;0.00;0.00;100.00
axle;60;1415214909;62;0.00;0.00;0.45;0.03;0.00;99.52
axle;60;1415214909;63;0.00;0.00;0.00;0.02;0.00;99.98
axle;60;1415214969;-1;4.85;0.00;0.36;0.11;0.00;94.69
axle;60;1415214969;0;0.03;0.00;0.45;1.65;0.00;97.86
axle;60;1415214969;1;1.20;0.00;0.35;1.40;0.00;97.05
axle;60;1415214969;2;0.00;0.00;0.00;0.00;0.00;100.00
axle;60;1415214969;3;17.09;0.00;0.05;0.00;0.00;82.86
axle;60;1415214969;4;0.03;0.00;0.02;0.00;0.00;99.95
axle;60;1415214969;5;0.25;0.00;0.17;0.00;0.00;99.58
axle;60;1415214969;6;0.05;0.00;0.07;0.00;0.00;99.88
axle;60;1415214969;7;0.00;0.00;0.02;0.00;0.00;99.98
axle;60;1415214969;8;52.36;0.00;2.78;0.05;0.00;44.81
axle;60;1415214969;9;0.00;0.00;0.00;0.00;0.00;100.00
axle;60;1415214969;10;0.00;0.00;1.78;0.32;0.00;97.90
axle;60;1415214969;11;0.05;0.00;0.02;0.32;0.00;99.62
axle;60;1415214969;12;0.90;0.00;2.23;0.00;0.00;96.87
axle;60;1415214969;13;0.02;0.00;0.02;0.00;0.00;99.97
axle;60;1415214969;14;0.00;0.00;0.00;0.00;0.00;100.00
axle;60;1415214969;15;0.00;0.00;0.02;0.00;0.00;99.98
axle;60;1415214969;16;14.13;0.00;5.26;0.00;0.00;80.61
axle;60;1415214969;17;36.84;0.00;1.40;0.55;0.00;61.21
axle;60;1415214969;18;42.24;0.00;0.82;0.13;0.00;56.81
axle;60;1415214969;19;41.50;0.00;2.62;0.27;0.00;55.61
axle;60;1415214969;20;34.78;0.00;1.67;0.90;0.00;62.65
axle;60;1415214969;21;12.53;0.00;0.48;0.23;0.00;86.75
axle;60;1415214969;22;2.67;0.00;0.20;0.67;0.00;96.46
axle;60;1415214969;23;0.43;0.00;0.37;0.00;0.00;99.20
axle;60;1415214969;24;49.11;0.00;0.48;0.00;0.00;50.41
axle;60;1415214969;25;0.57;0.00;0.40;0.00;0.00;99.03
axle;60;1415214969;26;0.13;0.00;0.17;0.00;0.00;99.70
axle;60;1415214969;27;0.77;0.00;0.32;0.00;0.00;98.91
axle;60;1415214969;28;2.25;0.00;0.28;0.25;0.00;97.21
axle;60;1415214969;29;0.03;0.00;0.03;0.00;0.00;99.93
axle;60;1415214969;30;0.00;0.00;0.00;0.00;0.00;100.00
axle;60;1415214969;31;0.00;0.00;0.00;0.00;0.00;100.00
axle;60;1415214969;32;0.00;0.00;0.00;0.00;0.00;100.00
axle;60;1415214969;33;0.00;0.00;0.02;0.00;0.00;99.98
axle;60;1415214969;34;0.00;0.00;0.02;0.00;0.00;99.98
axle;60;1415214969;35;0.00;0.00;0.00;0.00;0.00;100.00
axle;60;1415214969;36;0.00;0.00;0.00;0.00;0.00;100.00
axle;60;1415214969;37;0.00;0.00;0.00;0.00;0.00;100.00
axle;60;1415214969;38;0.00;0.00;0.00;0.00;0.00;100.00
axle;60;1415214969;39;0.00;0.00;0.00;0.00;0.00;100.00
axle;60;1415214969;40;0.00;0.00;0.00;0.00;0.00;100.00
axle;60;1415214969;41;0.00;0.00;0.00;0.00;0.00;100.00
axle;60;1415214969;42;0.00;0.00;0.00;0.00;0.00;100.00
axle;60;1415214969;43;0.00;0.00;0.00;0.00;0.00;100.00
axle;60;1415214969;44;0.00;0.00;0.00;0.00;0.00;100.00
axle;60;1415214969;45;0.00;0.00;0.00;0.00;0.00;100.00
axle;60;1415214969;46;0.00;0.00;0.00;0.00;0.00;100.00
axle;60;1415214969;47;0.00;0.00;0.00;0.00;0.00;100.00
axle;60;1415214969;48;0.00;0.00;0.00;0.00;0.00;100.00
axle;60;1415214969;49;0.00;0.00;0.00;0.00;0.00;100.00
axle;60;1415214969;50;0.00;0.00;0.00;0.00;0.00;100.00
axle;60;1415214969;51;0.05;0.00;0.57;0.00;0.00;99.38
axle;60;1415214969;52;0.00;0.00;0.02;0.00;0.00;99.98
axle;60;1415214969;53;0.00;0.00;0.00;0.00;0.00;100.00
axle;60;1415214969;54;0.00;0.00;0.00;0.00;0.00;100.00
axle;60;1415214969;55;0.00;0.00;0.00;0.00;0.00;100.00
axle;60;1415214969;56;0.00;0.00;0.00;0.00;0.00;100.00
axle;60;1415214969;57;0.17;0.00;0.07;0.00;0.00;99.77
axle;60;1415214969;58;0.00;0.00;0.00;0.00;0.00;100.00
axle;60;1415214969;59;0.00;0.00;0.00;0.00;0.00;100.00
axle;60;1415214969;60;0.00;0.00;0.00;0.00;0.00;100.00
axle;60;1415214969;61;0.00;0.00;0.00;0.00;0.00;100.00
axle;60;1415214969;62;0.00;0.00;0.00;0.00;0.00;100.00
axle;60;1415214969;63;0.00;0.00;0.00;0.00;0.00;100.00
axle;60;1415215029;-1;4.75;0.00;0.18;0.03;0.00;95.05
axle;60;1415215029;0;0.00;0.00;0.05;0.00;0.00;99.95
axle;60;1415215029;1;0.00;0.00;0.02;0.00;0.00;99.98
axle;60;1415215029;2;0.02;0.00;0.00;0.00;0.00;99.98
axle;60;1415215029;3;0.00;0.00;0.00;0.00;0.00;100.00
axle;60;1415215029;4;0.02;0.00;0.03;0.00;0.00;99.95
axle;60;1415215029;5;0.00;0.00;0.00;0.00;0.00;100.00
axle;60;1415215029;6;0.00;0.00;0.00;0.00;0.00;100.00
axle;60;1415215029;7;0.02;0.00;0.03;0.00;0.00;99.95
axle;60;1415215029;8;82.13;0.00;1.02;0.12;0.00;16.74
axle;60;1415215029;9;0.22;0.00;0.10;0.00;0.00;99.68
axle;60;1415215029;10;0.22;0.00;0.20;0.00;0.00;99.58
axle;60;1415215029;11;0.55;0.00;0.33;0.00;0.00;99.12
axle;60;1415215029;12;0.95;0.00;2.23;0.00;0.00;96.82
axle;60;1415215029;13;0.70;0.00;0.18;0.10;0.00;99.02
axle;60;1415215029;14;0.37;0.00;0.10;0.00;0.00;99.53
axle;60;1415215029;15;1.80;0.00;0.28;0.00;0.00;97.92
axle;60;1415215029;16;7.51;0.00;0.40;0.33;0.00;91.76
axle;60;1415215029;17;14.21;0.00;0.47;0.00;0.00;85.32
axle;60;1415215029;18;20.74;0.00;0.85;0.15;0.00;78.26
axle;60;1415215029;19;22.08;0.00;0.52;0.00;0.00;77.41
axle;60;1415215029;20;20.60;0.00;0.72;0.00;0.00;78.68
axle;60;1415215029;21;50.32;0.00;1.42;0.33;0.00;47.93
axle;60;1415215029;22;4.37;0.00;0.15;0.18;0.00;95.30
axle;60;1415215029;23;3.09;0.00;0.28;0.27;0.00;96.36
axle;60;1415215029;24;70.27;0.00;0.70;0.13;0.00;28.90
axle;60;1415215029;25;0.30;0.00;0.23;0.00;0.00;99.47
axle;60;1415215029;26;0.07;0.00;0.08;0.00;0.00;99.85
axle;60;1415215029;27;0.28;0.00;0.17;0.00;0.00;99.55
axle;60;1415215029;28;0.45;0.00;0.07;0.00;0.00;99.48
axle;60;1415215029;29;0.18;0.00;0.05;0.00;0.00;99.77
axle;60;1415215029;30;0.22;0.00;0.07;0.00;0.00;99.72
axle;60;1415215029;31;1.87;0.00;0.33;0.00;0.00;97.80
axle;60;1415215029;32;0.00;0.00;0.00;0.00;0.00;100.00
axle;60;1415215029;33;0.02;0.00;0.05;0.00;0.00;99.93
axle;60;1415215029;34;0.00;0.00;0.00;0.00;0.00;100.00
axle;60;1415215029;35;0.00;0.00;0.00;0.00;0.00;100.00
axle;60;1415215029;36;0.00;0.00;0.00;0.00;0.00;100.00
axle;60;1415215029;37;0.00;0.00;0.02;0.00;0.00;99.98
axle;60;1415215029;38;0.00;0.00;0.02;0.00;0.00;99.98
axle;60;1415215029;39;0.00;0.00;0.02;0.00;0.00;99.98
axle;60;1415215029;40;0.00;0.00;0.00;0.00;0.00;100.00
axle;60;1415215029;41;0.00;0.00;0.00;0.00;0.00;100.00
axle;60;1415215029;42;0.00;0.00;0.00;0.00;0.00;100.00
axle;60;1415215029;43;0.00;0.00;0.00;0.00;0.00;100.00
axle;60;1415215029;44;0.00;0.00;0.00;0.00;0.00;100.00
axle;60;1415215029;45;0.00;0.00;0.00;0.00;0.00;100.00
axle;60;1415215029;46;0.00;0.00;0.00;0.00;0.00;100.00
axle;60;1415215029;47;0.00;0.00;0.00;0.00;0.00;100.00
axle;60;1415215029;48;0.00;0.00;0.00;0.00;0.00;100.00
axle;60;1415215029;49;0.00;0.00;0.02;0.00;0.00;99.98
axle;60;1415215029;50;0.02;0.00;0.00;0.00;0.00;99.98
axle;60;1415215029;51;0.00;0.00;0.50;0.00;0.00;99.50
axle;60;1415215029;52;0.00;0.00;0.00;0.00;0.00;100.00
axle;60;1415215029;53;0.00;0.00;0.00;0.00;0.00;100.00
axle;60;1415215029;54;0.00;0.00;0.00;0.00;0.00;100.00
axle;60;1415215029;55;0.00;0.00;0.00;0.00;0.00;100.00
axle;60;1415215029;56;0.00;0.00;0.02;0.00;0.00;99.98
axle;60;1415215029;57;0.12;0.00;0.07;0.00;0.00;99.82
axle;60;1415215029;58;0.00;0.00;0.00;0.00;0.00;100.00
axle;60;1415215029;59;0.00;0.00;0.00;0.00;0.00;100.00
axle;60;1415215029;60;0.00;0.00;0.00;0.00;0.00;100.00
axle;60;1415215029;61;0.00;0.00;0.00;0.00;0.00;100.00
axle;60;1415215029;62;0.00;0.00;0.00;0.00;0.00;100.00
axle;60;1415215029;63;0.00;0.00;0.00;0.00;0.00;100.00
axle;60;1415215089;-1;4.66;0.00;0.28;0.04;0.00;95.02
axle;60;1415215089;0;0.00;0.00;0.03;0.00;0.00;99.97
axle;60;1415215089;1;0.03;0.00;0.00;0.00;0.00;99.97
axle;60;1415215089;2;0.00;0.00;0.02;0.00;0.00;99.98
axle;60;1415215089;3;0.02;0.00;0.02;0.00;0.00;99.97
axle;60;1415215089;4;0.00;0.00;0.00;0.00;0.00;100.00
axle;60;1415215089;5;0.02;0.00;0.02;0.00;0.00;99.97
axle;60;1415215089;6;0.00;0.00;0.00;0.00;0.00;100.00
axle;60;1415215089;7;0.00;0.00;0.00;0.00;0.00;100.00
axle;60;1415215089;8;92.80;0.00;0.18;0.00;0.00;7.02
axle;60;1415215089;9;1.67;0.00;0.62;1.49;0.00;96.22
axle;60;1415215089;10;0.44;0.00;0.47;0.00;0.00;99.10
axle;60;1415215089;11;1.34;0.00;0.54;0.00;0.00;98.12
axle;60;1415215089;12;1.05;0.00;2.32;0.00;0.00;96.63
axle;60;1415215089;13;0.99;0.00;0.43;0.00;0.00;98.58
axle;60;1415215089;14;3.18;0.00;0.57;0.00;0.00;96.26
axle;60;1415215089;15;0.63;0.00;0.12;0.00;0.00;99.25
axle;60;1415215089;16;5.74;0.00;0.20;0.00;0.00;94.06
axle;60;1415215089;17;58.88;0.00;4.05;0.00;0.00;37.07
axle;60;1415215089;18;7.36;0.00;1.57;0.73;0.00;90.33
axle;60;1415215089;19;0.10;0.00;0.22;0.07;0.00;99.62
axle;60;1415215089;20;26.27;0.00;3.08;0.00;0.00;70.65
axle;60;1415215089;21;5.82;0.00;0.13;0.20;0.00;93.85
axle;60;1415215089;22;0.08;0.00;0.08;0.32;0.00;99.52
axle;60;1415215089;23;0.03;0.00;0.17;0.00;0.00;99.80
axle;60;1415215089;24;91.63;0.00;2.25;0.00;0.00;6.12
axle;60;1415215089;25;0.00;0.00;0.02;0.00;0.00;99.98
axle;60;1415215089;26;0.08;0.00;0.03;0.00;0.00;99.88
axle;60;1415215089;27;0.00;0.00;0.00;0.00;0.00;100.00
axle;60;1415215089;28;0.00;0.00;0.00;0.00;0.00;100.00
axle;60;1415215089;29;0.00;0.00;0.00;0.00;0.00;100.00
axle;60;1415215089;30;0.00;0.00;0.00;0.00;0.00;100.00
axle;60;1415215089;31;0.00;0.00;0.00;0.00;0.00;100.00
axle;60;1415215089;32;0.02;0.00;0.00;0.00;0.00;99.98
axle;60;1415215089;33;0.00;0.00;0.02;0.00;0.00;99.98
axle;60;1415215089;34;0.02;0.00;0.00;0.00;0.00;99.98
axle;60;1415215089;35;0.00;0.00;0.00;0.00;0.00;100.00
axle;60;1415215089;36;0.02;0.00;0.02;0.00;0.00;99.97
axle;60;1415215089;37;0.00;0.00;0.00;0.00;0.00;100.00
axle;60;1415215089;38;0.00;0.00;0.00;0.00;0.00;100.00
axle;60;1415215089;39;0.02;0.00;0.00;0.00;0.00;99.98
axle;60;1415215089;40;0.00;0.00;0.00;0.00;0.00;100.00
axle;60;1415215089;41;0.00;0.00;0.00;0.00;0.00;100.00
axle;60;1415215089;42;0.00;0.00;0.00;0.00;0.00;100.00
axle;60;1415215089;43;0.00;0.00;0.00;0.00;0.00;100.00
axle;60;1415215089;44;0.00;0.00;0.00;0.00;0.00;100.00
axle;60;1415215089;45;0.00;0.00;0.00;0.00;0.00;100.00
axle;60;1415215089;46;0.00;0.00;0.00;0.00;0.00;100.00
axle;60;1415215089;47;0.00;0.00;0.00;0.00;0.00;100.00
axle;60;1415215089;48;0.00;0.00;0.02;0.00;0.00;99.98
axle;60;1415215089;49;0.00;0.00;0.00;0.00;0.00;100.00
axle;60;1415215089;50;0.00;0.00;0.00;0.00;0.00;100.00
axle;60;1415215089;51;0.03;0.00;0.45;0.00;0.00;99.52
axle;60;1415215089;52;0.02;0.00;0.00;0.00;0.00;99.98
axle;60;1415215089;53;0.00;0.00;0.00;0.00;0.00;100.00
axle;60;1415215089;54;0.00;0.00;0.00;0.00;0.00;100.00
axle;60;1415215089;55;0.00;0.00;0.00;0.00;0.00;100.00
axle;60;1415215089;56;0.00;0.00;0.00;0.00;0.00;100.00
axle;60;1415215089;57;0.12;0.00;0.08;0.00;0.00;99.80
axle;60;1415215089;58;0.00;0.00;0.00;0.00;0.00;100.00
axle;60;1415215089;59;0.00;0.00;0.00;0.00;0.00;100.00
axle;60;1415215089;60;0.00;0.00;0.00;0.00;0.00;100.00
axle;60;1415215089;61;0.00;0.00;0.00;0.00;0.00;100.00
axle;60;1415215089;62;0.00;0.00;0.00;0.00;0.00;100.00
axle;60;1415215089;63;0.00;0.00;0.00;0.00;0.00;100.00
axle;60;1415215149;-1;3.24;0.00;0.27;0.09;0.00;96.40
axle;60;1415215149;0;0.00;0.00;0.02;0.00;0.00;99.98
axle;60;1415215149;1;0.00;0.00;0.00;0.00;0.00;100.00
axle;60;1415215149;2;0.02;0.00;0.02;0.00;0.00;99.97
axle;60;1415215149;3;0.00;0.00;0.00;0.00;0.00;100.00
axle;60;1415215149;4;0.00;0.00;0.02;0.00;0.00;99.98
axle;60;1415215149;5;0.00;0.00;0.00;0.00;0.00;100.00
axle;60;1415215149;6;0.00;0.00;0.00;0.00;0.00;100.00
axle;60;1415215149;7;0.00;0.00;0.00;0.00;0.00;100.00
axle;60;1415215149;8;9.40;0.00;0.02;0.00;0.00;90.58
axle;60;1415215149;9;0.65;0.00;0.12;0.45;0.00;98.78
axle;60;1415215149;10;0.07;0.00;0.08;0.00;0.00;99.85
axle;60;1415215149;11;0.03;0.00;0.05;0.00;0.00;99.92
axle;60;1415215149;12;1.03;0.00;2.00;0.00;0.00;96.97
axle;60;1415215149;13;0.03;0.00;0.18;0.00;0.00;99.78
axle;60;1415215149;14;0.07;0.00;0.03;0.00;0.00;99.90
axle;60;1415215149;15;0.02;0.00;0.05;0.00;0.00;99.93
axle;60;1415215149;16;87.98;0.00;7.34;0.13;0.00;4.55
axle;60;1415215149;17;0.07;0.00;0.18;0.00;0.00;99.75
axle;60;1415215149;18;0.02;0.00;1.90;0.00;0.00;98.08
axle;60;1415215149;19;0.00;0.00;0.03;0.00;0.00;99.97
axle;60;1415215149;20;7.86;0.00;1.29;0.50;0.00;90.35
axle;60;1415215149;21;0.00;0.00;0.27;0.65;0.00;99.08
axle;60;1415215149;22;0.02;0.00;0.32;1.03;0.00;98.63
axle;60;1415215149;23;0.05;0.00;0.07;0.00;0.00;99.88
axle;60;1415215149;24;4.21;0.00;0.45;0.00;0.00;95.34
axle;60;1415215149;25;0.50;0.00;0.37;0.00;0.00;99.13
axle;60;1415215149;26;0.10;0.00;0.13;0.00;0.00;99.77
axle;60;1415215149;27;0.10;0.00;0.12;0.00;0.00;99.78
axle;60;1415215149;28;4.22;0.00;0.52;1.45;0.00;93.81
axle;60;1415215149;29;1.81;0.00;0.40;1.24;0.00;96.55
axle;60;1415215149;30;0.40;0.00;0.22;0.00;0.00;99.38
axle;60;1415215149;31;88.18;0.00;0.13;0.00;0.00;11.68
axle;60;1415215149;32;0.00;0.00;0.00;0.00;0.00;100.00
axle;60;1415215149;33;0.03;0.00;0.02;0.00;0.00;99.95
axle;60;1415215149;34;0.00;0.00;0.00;0.00;0.00;100.00
axle;60;1415215149;35;0.00;0.00;0.02;0.00;0.00;99.98
axle;60;1415215149;36;0.00;0.00;0.00;0.00;0.00;100.00
axle;60;1415215149;37;0.00;0.00;0.00;0.00;0.00;100.00
axle;60;1415215149;38;0.00;0.00;0.00;0.00;0.00;100.00
axle;60;1415215149;39;0.00;0.00;0.00;0.00;0.00;100.00
axle;60;1415215149;40;0.00;0.00;0.00;0.00;0.00;100.00
axle;60;1415215149;41;0.30;0.00;0.32;0.00;0.00;99.38
axle;60;1415215149;42;0.02;0.00;0.00;0.00;0.00;99.98
axle;60;1415215149;43;0.00;0.00;0.00;0.00;0.00;100.00
axle;60;1415215149;44;0.00;0.00;0.00;0.00;0.00;100.00
axle;60;1415215149;45;0.00;0.00;0.00;0.00;0.00;100.00
axle;60;1415215149;46;0.00;0.00;0.00;0.00;0.00;100.00
axle;60;1415215149;47;0.00;0.00;0.00;0.00;0.00;100.00
axle;60;1415215149;48;0.00;0.00;0.00;0.00;0.00;100.00
axle;60;1415215149;49;0.00;0.00;0.00;0.00;0.00;100.00
axle;60;1415215149;50;0.00;0.00;0.00;0.00;0.00;100.00
axle;60;1415215149;51;0.02;0.00;0.47;0.00;0.00;99.52
axle;60;1415215149;52;0.00;0.00;0.00;0.00;0.00;100.00
axle;60;1415215149;53;0.00;0.00;0.00;0.00;0.00;100.00
axle;60;1415215149;54;0.00;0.00;0.00;0.00;0.00;100.00
axle;60;1415215149;55;0.00;0.00;0.00;0.00;0.00;100.00
axle;60;1415215149;56;0.00;0.00;0.02;0.00;0.00;99.98
axle;60;1415215149;57;0.13;0.00;0.03;0.00;0.00;99.83
axle;60;1415215149;58;0.00;0.00;0.02;0.00;0.00;99.98
axle;60;1415215149;59;0.00;0.00;0.00;0.00;0.00;100.00
axle;60;1415215149;60;0.00;0.00;0.00;0.00;0.00;100.00
axle;60;1415215149;61;0.00;0.00;0.00;0.00;0.00;100.00
axle;60;1415215149;62;0.00;0.00;0.00;0.00;0.00;100.00
axle;60;1415215149;63;0.00;0.00;0.00;0.00;0.00;100.00
